"keyword","occurrences","community"
"structural break",1545,1
"markov switching",1021,2
"regime switching",935,3
"cointegration",333,1
"economic growth",319,4
"volatility",290,5
"exchange rate",258,2
"garch",252,5
"inflation",248,2
"monetary policy",244,2
"covid-19",212,5
"stock market",197,5
"business cycle",196,2
"financial crisis",190,3
"oil price",189,2
"unit root",180,1
"change point",174,5
"forecasting",165,2
"financial development",149,4
"ardl",113,4
"long memory",113,1
"cryptocurrency",107,5
"stochastic volatility",103,3
"nonlinearity",102,1
"china",100,4
"stock return",94,5
"asymmetry",93,2
"bitcoin",90,5
"c22",86,1
"option pricing",86,3
"time series",85,2
"causality",84,4
"market efficiency",80,1
"india",78,4
"energy consumption",77,4
"interest rate",77,2
"fiscal policy",73,2
"granger causality",73,1
"ppp",73,1
"c32",72,2
"volatility forecasting",72,1
"contagion",70,3
"hidden markov model",70,3
"real exchange rate",66,1
"realized volatility",66,1
"co2 emissions",62,4
"emerging markets",62,2
"policy uncertainty",62,5
"crude oil",60,1
