"TI","PY","SO","WoS_label","Scopus_label"
"MULTIDIMENSIONAL INCLUSIVE GROWTH AND DETERMINANTS IN PAKISTAN: DO FOREIGN REMITTANCES AND INSTITUTIONAL QUALITY MATTER?",2025,"JOURNAL OF SOUTH ASIAN DEVELOPMENT","B","A"
"THE NEXUS OF FINTECH, ENVIRONMENTAL SUSTAINABILITY, AND CLIMATE CHANGE: INSIGHTS FROM OIC EMERGING ECONOMIES",2025,"SUSTAINABLE FUTURES","B","A"
"HISTORICAL VOLATILITY FLUCTUATIONS OF BITCOIN: INFLUENCED BY REAL-WORLD EVENTS",2025,"JOURNAL OF QUALITY MEASUREMENT AND ANALYSIS","B","A"
"IMPACT OF CLIMATE VARIABILITY ON AGRICULTURAL PRODUCTIVITY AND ECONOMIC GROWTH IN NIGERIA",2025,"AFRICAN JOURNAL OF AGRICULTURAL AND RESOURCE ECONOMICS-AFJARE","B","A"
"QUANTILE-TIME-FREQUENCY RISK SPILLOVER BETWEEN INVESTOR ATTENTION, CLEAN, AND DIRTY CRYPTOCURRENCY RETURNS",2025,"RISK MANAGEMENT-AN INTERNATIONAL JOURNAL","B","A"
"MARKOV SWITCHING STEREOTYPE LOGIT MODELS FOR LONGITUDINAL ORDINAL DATA AFFECTED BY UNOBSERVED HETEROGENEITY IN RESPONDING BEHAVIOR",2025,"ASTA-ADVANCES IN STATISTICAL ANALYSIS","B","A"
"DEPENDENCY OF GDP GROWTH RATES ON METHODS FOR PRICE ADJUSTMENT DURING TIMES OF RAPID STRUCTURAL CHANGE AND HIGH INFLATION",2025,"STATISTICAL JOURNAL OF THE IAOS","B","A"
"ASYMMETRIC VARIATIONS IN ECONOMIC GLOBALIZATION, CO2 EMISSIONS, OIL PRICES, AND ECONOMIC GROWTH: A NONLINEAR ANALYSIS FOR POLICY EMPIRICS",2025,"ENVIRONMENT DEVELOPMENT AND SUSTAINABILITY","B","A"
"A GREY WOLF OPTIMIZER FOR ESTIMATING THE STOCHASTIC SIRD AND OPTIMIZING A REGIME-SWITCHING CASH FLOW MODEL",2025,"JOURNAL OF INDUSTRIAL AND MANAGEMENT OPTIMIZATION","B","A"
"REGIONAL-LEVEL ANALYSIS OF HOUSING PRICE DYNAMICS IN THE UNITED KINGDOM: A MULTIVARIATE CAUSALITY APPROACH",2025,"INTERNATIONAL JOURNAL OF HOUSING MARKETS AND ANALYSIS","B","A"
"DATA DRIVEN INVESTMENT STRATEGIES USING BAYESIAN INFERENCE IN REGIME-SWITCHING MODELS",2025,"APPLIED STOCHASTIC MODELS IN BUSINESS AND INDUSTRY","B","A"
"A NOVEL REGIME-SWITCHING COMMODITY PRICING MODEL WITH STOCHASTIC CONVENIENCE YIELD",2025,"COMPUTATIONAL MANAGEMENT SCIENCE","B","A"
"THE INFLUENCE OF FINANCIAL MARKETS, FINANCIAL INSTITUTIONS AND ECONOMIC GROWTH ON ENVIRONMENTAL QUALITY AND SUSTAINABILITY: TESTING THE LCC HYPOTHESIS IN THE CASE OF CHINA",2025,"ENVIRONMENT DEVELOPMENT AND SUSTAINABILITY","B","A"
"DECODING PUBLIC SENTIMENTS ON ENERGY TRANSITION IN JAPAN'S THREE MAJOR METROPOLITAN AREAS: SOCIAL MEDIA ANALYSIS USING MACHINE LEARNING",2025,"JOURNAL OF CLEANER PRODUCTION","B","A"
"POLICY-DRIVEN ESG MANDATES FOR IMMEDIATE FINANCIAL PERFORMANCE AND LONG-TERM INNOVATION: SYNERGISTIC INSIGHTS FROM CHINESE ENTERPRISES",2025,"JOURNAL OF CLEANER PRODUCTION","B","A"
"EXPLORING THE RELATIONSHIP BETWEEN MACROECONOMIC CONDITIONS AND DISTRESSED REAL ESTATE LOANS DURING THE COVID-19 PANDEMIC IN MALAYSIA AND SINGAPORE",2025,"INTERNATIONAL JOURNAL OF HOUSING MARKETS AND ANALYSIS","B","A"
"EXPLORING THE EFFECTIVE TECHNICAL INDICATORS OF LSTM FOR WTI PRICE IN DIFFERENT REGIMES",2025,"JOURNAL OF QUALITY MEASUREMENT AND ANALYSIS","B","A"
"TESTING AND ESTIMATING STRUCTURAL BREAKS IN TIME SERIES AND PANEL DATA IN STATA",2025,"STATA JOURNAL","B","A"
"DOES TWIN DEFICIT HYPOTHESIS EXIST IN INDIA? A STRUCTURAL BREAK CO-INTEGRATION ANALYSIS",2025,"MILLENNIAL ASIA","B","A"
"FROM CRISIS TO RECOVERY: COVID-19, MACROECONOMIC SHOCKS, AND THE RESILIENCE OF KUWAIT'S REAL ESTATE MARKET",2025,"INTERNATIONAL JOURNAL OF HOUSING MARKETS AND ANALYSIS","B","A"
"SO ODDLY CALM: DEMOCRATIZATION AND STOCK MARKET LIQUIDITY IN INTERWAR SPAIN, 1914-1936",2025,"FINANCIAL HISTORY REVIEW","B","A"
"GLOBAL OIL PRICES AND CHINA'S LOGISTICS INDUSTRY: MULTIPLE REGIME SWITCHING STRUCTURAL ANALYSIS",2025,"ENVIRONMENT DEVELOPMENT AND SUSTAINABILITY","B","A"
"THE ROLE OF INCOME INEQUALITY IN SHAPING FISHING GROUND FOOTPRINT IN INDONESIA: INSIGHTS FROM THE FOURIER AUGMENTED ARDL APPROACH",2025,"MARINE POLICY","B","A"
"THE RELATIONSHIP BETWEEN TOURISM DEMAND AND ECONOMIC GROWTH IN INDIA: A COMPARATIVE ANALYSIS OF VECM AND ARDL",2025,"JOURNAL OF POLICY RESEARCH IN TOURISM LEISURE AND EVENTS","B","A"
"ON THE CHANGE POINT TEST FOR SVAR-GARCH MODELS VIA ICA",2025,"COMMUNICATIONS FOR STATISTICAL APPLICATIONS AND METHODS","B","A"
"A BAYESIAN MARKOV SWITCHING AUTOREGRESSIVE MODEL WITH TIME-VARYING PARAMETERS FOR DYNAMIC ECONOMIC FORECASTING",2025,"FORECASTING","B","A"
"EXAMINING STRUCTURAL CHANGE STRATEGIES IN PUBLIC ORGANIZATIONS: A STUDY OF US CITY GOVERNMENTS",2025,"PUBLIC ORGANIZATION REVIEW","B","A"
"REVOLUTIONS AS STRUCTURAL BREAKS: THE LONG-TERM ECONOMIC AND INSTITUTIONAL CONSEQUENCES OF THE 1979 IRANIAN REVOLUTION",2025,"CONSTITUTIONAL POLITICAL ECONOMY","B","A"
"MULTI-SCALE QUANTILE CONNECTEDNESS NETWORKS UNDER FINTECH INTEGRATION: EVIDENCE FROM CHINA'S FINANCIAL MARKETS",2025,"HUMANITIES & SOCIAL SCIENCES COMMUNICATIONS","B","A"
"FROM FRAGILITY TO RESILIENCE: HUMAN CAPITAL-DRIVEN CIRCULAR ECONOMY TRANSITION AMID ECONOMIC COMPLEXITY AND INSTITUTIONAL CHALLENGES",2025,"SUSTAINABLE FUTURES","B","A"
"STRUCTURAL TIME SERIES MODEL IN PREDICTING CRYPTOCURRENCIES PRICES",2025,"JOURNAL OF QUALITY MEASUREMENT AND ANALYSIS","B","A"
"ASSESSING LIVELIHOOD AND ENVIRONMENTAL IMPLICATIONS OF ARTISANAL AND SMALL-SCALE MINING: A CASE OF AKANGO MINING, NZEMA EAST MUNICIPALITY, WESTERN REGION, GHANA",2025,"ENVIRONMENT DEVELOPMENT AND SUSTAINABILITY","B","A"
"SPATIAL SUGAR PRICE TRANSMISSION: AN EXPLORATION IN FLORIDA, TEXAS, AND LOUISIANA",2025,"REGIONAL STATISTICS","B","A"
"A QUALITATIVE ANALYSIS OF FACTORS INFLUENCING THE PROFESSIONAL MOTIVATION OF FUTURE SOCIAL PEDAGOGUES IN KAZAKHSTAN",2025,"LEADERSHIP AND POLICY IN SCHOOLS","B","A"
"PERSISTENCE ANALYSIS OF THE REAL ESTATE US INDEX AND MAJOR CITIES",2024,"CITIES","B","A"
"HOUSING SEARCH ACTIVITY AND QUANTILES-BASED PREDICTABILITY OF HOUSING PRICE MOVEMENTS IN THE USA",2026,"INTERNATIONAL JOURNAL OF HOUSING MARKETS AND ANALYSIS","B","A"
"CHANGEPOINT DETECTION IN GAUSSIAN SEQUENTIAL DATA WITH COPULA-BASED MARKOV CHAIN MODELS IN AN ONLINE ENVIRONMENT",2025,"JOURNAL OF STATISTICAL COMPUTATION AND SIMULATION","B","A"
"IS THE TOURISM-LED-GROWTH HYPOTHESIS VALID IN THE PRESENCE OF STRUCTURAL BREAKS? EVIDENCE FROM DKW'S PANEL STRUCTURAL BREAK METHOD",2024,"TOURISM","B","A"
"HIGH-INCOME DEVELOPING COUNTRIES AS POLLUTION HAVENS: CAN FINANCIAL DEVELOPMENT AND ENVIRONMENTAL REGULATIONS MAKE A DIFFERENCE?",2024,"JOURNAL OF CLEANER PRODUCTION","B","A"
"ASSESSING THE IMPACT AND GROWTH DRIVERS OF PMJDY: A STUDY OF FINANCIAL INCLUSION IN MADHYA PRADESH AND RAJASTHAN",2025,"MILLENNIAL ASIA","B","A"
"THE RESOURCE CURSE IN LEAST DEVELOPED COUNTRIES: THE ROLES OF FOREIGN DIRECT INVESTMENT, ENERGY EFFICIENCY, AND ELECTRICITY ACCESS",2024,"RESOURCES POLICY","B","A"
"THE IMPACT OF EXTERNAL SHOCKS ON VOLATILITY PERSISTENCE AND MARKET EFFICIENCY OF THE FOREIGN EXCHANGE RATE REGIME: EVIDENCE FROM MALAWI",2024,"HUMANITIES & SOCIAL SCIENCES COMMUNICATIONS","B","A"
"CLASS-IMBALANCED DYNAMIC FINANCIAL DISTRESS PREDICTION BASED ON RANDOM FOREST FROM THE PERSPECTIVE OF CONCEPT DRIFT",2024,"RISK MANAGEMENT-AN INTERNATIONAL JOURNAL","B","A"
"SCRUTINIZING THE EXISTENCE OF THE ENVIRONMENTAL KUZNETS CURVE IN THE CONTEXT OF FOREIGN DIRECT INVESTMENT, TRADE, AND RENEWABLE ENERGY IN BANGLADESH: IMPENDING FROM ARDL METHOD",2024,"ENVIRONMENT DEVELOPMENT AND SUSTAINABILITY","B","A"
"FORECASTING CONSTRUCTION MATERIAL PRICES USING MACROECONOMIC INDICATORS OF TRADING PARTNERS",2024,"JOURNAL OF MANAGEMENT IN ENGINEERING","B","A"
"PRICE DISCOVERY AND VOLATILITY SPILLOVERS IN THE INTEREST RATE DERIVATIVES MARKET",2024,"HUMANITIES & SOCIAL SCIENCES COMMUNICATIONS","B","A"
"TESTING THE RELATIONSHIP BETWEEN EMPLOYMENT AND TOURISM: A FRESH EVIDENCE FROM THE ARDL BOUNDS TEST WITH SHARP AND SMOOTH BREAKS",2024,"JOURNAL OF HOSPITALITY AND TOURISM INSIGHTS","B","A"
"IMPACT OF GLOBAL CRISIS EVENTS ON THE DEPENDENCE AND RISK SPILLOVER BETWEEN GOLD AND CRUDE OIL: A REGIME-SWITCHING COPULA APPROACH",2024,"HUMANITIES & SOCIAL SCIENCES COMMUNICATIONS","B","A"
"PREDICTING HOTEL BOOKING CANCELLATIONS DURING HIGH-VOLATILITY TIMES",2025,"INFORMATION AND COMMUNICATION TECHNOLOGIES IN TOURISM 2025, ENTER 2025","B","A"
"HOW THE PANDEMIC-LED VOLATILITY IN THE NATURAL RESOURCE COMMODITY INDICES AFFECT U.S AND CHINA MARKETS",2024,"RESOURCES POLICY","B","A"
"POLICY MARKET ORIENTATION, PROPERTY RIGHTS, AND CORRUPTION EFFECTS ON THE RENT OF NON-RENEWABLE RESOURCES IN LATIN AMERICA AND THE CARIBBEAN",2024,"RESOURCES POLICY","B","A"
"THE EFFECT OF CUTTING INTEREST RATES ON CORPORATE INVESTMENTS: A REAL OPTIONS MODEL",2024,"APPLIED STOCHASTIC MODELS IN BUSINESS AND INDUSTRY","B","A"
"AN EMPIRICAL INVESTIGATION OF BANGLADESH'S INFLATION DYNAMICS: EVALUATING PERSISTENCE AND IDENTIFYING STRUCTURAL BREAKS",2024,"HUMANITIES & SOCIAL SCIENCES COMMUNICATIONS","B","A"
"SEQUENTIAL MONITORING FOR CONDITIONAL QUANTILES OF GENERAL CONDITIONAL HETEROSCEDASTIC TIME SERIES MODELS",2024,"APPLIED STOCHASTIC MODELS IN BUSINESS AND INDUSTRY","B","A"
"THE IMPACT OF OIL PRICE ON HOUSING PRICES: AN EMPIRICAL ANALYSIS OF PAKISTAN",2024,"INTERNATIONAL JOURNAL OF HOUSING MARKETS AND ANALYSIS","B","A"
"FORECASTING THE RISK OF CRYPTOCURRENCIES: COMPARISON AND COMBINATION OF GARCH AND STOCHASTIC VOLATILITY MODELS",2024,"JOURNAL OF TIME SERIES ECONOMETRICS","B","A"
"MODELLING THE ASSOCIATION BETWEEN TOURISM AND REAL EXCHANGE RATES",2024,"JOURNAL OF POLICY RESEARCH IN TOURISM LEISURE AND EVENTS","B","A"
"CONCEPT-DRIFT-ADAPTIVE ANOMALY DETECTOR FOR MARINE SENSOR DATA STREAMS",2024,"INTERNET OF THINGS","B","A"
"NATURAL RESOURCES A CURSE OR BLESSING: THE STORY OF LATIN AMERICAN AND CARIBBEAN ECONOMIES EMPLOYING BOOTSTRAP QUANTILE METHOD",2024,"RESOURCES POLICY","B","A"
"REINVESTIGATING THE ROLE OF OIL AND GOLD FOR PORTFOLIO OPTIMIZATION IN VIEW OF COVID-19 AND STRUCTURAL BREAKS: EMPIRICAL EVIDENCE OF BEKK, DCC AND WAVELET QUANTILE BASED ESTIMATIONS",2024,"RESOURCES POLICY","B","A"
"REVISITED THE ROLE OF FOREIGN AID IN CAPITAL FORMATION: EXPERIENCE OF SOUTH ASIAN COUNTRIES",2024,"HUMANITIES & SOCIAL SCIENCES COMMUNICATIONS","B","A"
"THE MACROECONOMIC IMPACT OF ENERGY PRICE SHOCKS: THRESHOLD EFFECTS AND THE FRACKING BOOM",2024,"RESOURCES POLICY","B","A"
"GLOBALISATION AND THE SIZE OF THE PUBLIC SECTOR IN THE CONTEXT OF THE REGIME CHANGE APPROACH: THE CASE OF TÜRKİYE",2024,"TRANSYLVANIAN REVIEW OF ADMINISTRATIVE SCIENCES","B","A"
"ON THE ASYMMETRIC LINK BETWEEN EXCHANGE RATE VARIABILITY AND TOURISM INFLOWS: RECENT EVIDENCE FROM THE ASEAN-5 COUNTRIES",2024,"JOURNAL OF POLICY RESEARCH IN TOURISM LEISURE AND EVENTS","B","A"
"PERFORMANCE AND BOARD DIVERSITY: A PRACTICAL AI PERSPECTIVE",2024,"BIG DATA AND COGNITIVE COMPUTING","B","A"
"SENTIMENT-DRIVEN MEAN REVERSION IN THE 4/2 STOCHASTIC VOLATILITY MODEL WITH JUMPS",2024,"APPLIED STOCHASTIC MODELS IN BUSINESS AND INDUSTRY","B","A"
"TRACKING THE ROADMAPS TO SUSTAINABILITY: WHAT DO THE SYMMETRIC EFFECTS OF ECO-DIGITALIZATION, GREEN TECHNOLOGY, GREEN FINANCE, AND RENEWABLE ENERGY PORTEND FOR CHINA?",2024,"ENVIRONMENT DEVELOPMENT AND SUSTAINABILITY","B","A"
"CRYPTOMAMBA: LEVERAGING STATE SPACE MODELS FOR ACCURATE BITCOIN PRICE PREDICTION",2025,"2025 IEEE INTERNATIONAL CONFERENCE ON BLOCKCHAIN AND CRYPTOCURRENCY, ICBC","B","A"
"ARE CLEANER ENERGY AND FINANCIAL TECHNOLOGIES NEEDED? CONTAGION AND CAUSALITY EVIDENCE BETWEEN GLOBAL FINTECH MARKETS, ENERGY CONSUMPTION, AND ENVIRONMENTAL POLLUTION",2024,"CLEAN TECHNOLOGIES AND ENVIRONMENTAL POLICY","B","A"
"REVISITING THE NATURAL RESOURCES RENT AND FINANCIAL DEVELOPMENT NEXUS: DOES GEOPOLITICAL RISK AND CORRUPTION REALLY MATTERS?",2024,"RESOURCES POLICY","B","A"
"ESTIMATING PRICE ELASTICITY OF DEMAND FOR MINERAL COMMODITIES USED IN LITHIUM-ION BATTERIES IN THE FACE OF SURGING DEMAND",2024,"RESOURCES CONSERVATION AND RECYCLING","B","A"
"THE NETWORK OF COMMODITY RISK",2024,"ENERGY SYSTEMS-OPTIMIZATION MODELING SIMULATION AND ECONOMIC ASPECTS","B","A"
"USING INTERPOLATED IMPLIED VOLATILITY FOR ANALYSING EXOGENOUS MARKET CHANGES",2024,"COMPUTATIONAL MANAGEMENT SCIENCE","B","A"
"BACKTEST OVERFITTING IN THE MACHINE LEARNING ERA: A COMPARISON OF OUT-OF-SAMPLE TESTING METHODS IN A SYNTHETIC CONTROLLED ENVIRONMENT",2024,"KNOWLEDGE-BASED SYSTEMS","B","A"
"A TEST OF THE TOURISM DUTCH DISEASE HYPOTHESIS IN DEVELOPING COUNTRIES",2024,"JOURNAL OF AIR TRANSPORT MANAGEMENT","B","A"
"PERSISTENCE OF SHOCKS ON NON-RENEWABLE AND RENEWABLE ENERGY CONSUMPTION: EVIDENCE FROM 15 LEADING COUNTRIES WITH FOURIER UNIT ROOT TEST",2024,"ENVIRONMENT DEVELOPMENT AND SUSTAINABILITY","B","A"
"THE EFFECTS OF HOUSING PRICE ON THE MORTGAGE DEBT IN MALAYSIA: NEW EVIDENCE FROM FMOLS METHOD",2024,"INTERNATIONAL JOURNAL OF HOUSING MARKETS AND ANALYSIS","B","A"
"ASSESSING INSURER GUARANTEE COVER AND RISK RETENTION TOWARD SDG 3: A STRUCTURE-BREAK DOWN-AND-OUT CALL VALUATION",2024,"HUMANITIES & SOCIAL SCIENCES COMMUNICATIONS","B","A"
"ARE REGIME CHANGES ALWAYS BAD ECONOMICS? EVIDENCE FROM DAILY FINANCIAL DATA",2024,"BUSINESS AND POLITICS","B","A"
"NEW METHODS OF STRUCTURAL BREAK DETECTION AND AN ENSEMBLE APPROACH TO ANALYSE EXCHANGE RATE VOLATILITY OF INDIAN RUPEE DURING CORONAVIRUS PANDEMIC",2024,"JOURNAL OF THE ROYAL STATISTICAL SOCIETY SERIES A-STATISTICS IN SOCIETY","B","A"
"PREBISCH AND THE TERMS OF TRADE",2024,"RESOURCES POLICY","B","A"
"DEEP LEARNING BASED REGIME-SWITCHING MODELS OF ENERGY COMMODITY PRICES",2023,"ENERGY SYSTEMS-OPTIMIZATION MODELING SIMULATION AND ECONOMIC ASPECTS","B","A"
"EXPLORING THE NEXUS BETWEEN MONETARY UNCERTAINTY AND VOLATILITY IN GLOBAL CRUDE OIL: A CONTEMPORARY APPROACH OF REGIME-SWITCHING",2023,"RESOURCES POLICY","B","A"
"HOW DOES US TARIFF POLICY AFFECT THE RELATIONSHIP AMONG CRUDE OIL, THE US DOLLAR AND METAL MARKETS?",2023,"RESOURCES POLICY","B","A"
"ELECTRICITY PRICE SPIRALS NOW OR LATER: AN EMERGING MARKET EXPERIENCE",2023,"ELECTRICITY JOURNAL","B","A"
"NATURAL RESOURCES EXPLORATION, EFFICIENCY OF ENERGY RESOURCES AND FINANCIAL DEVELOPMENT: RESOURCES SECTOR ANALYSIS VIA LEAST SQUARE WITH STRUCTURAL BREAKS",2023,"RESOURCES POLICY","B","A"
"NATURAL RESOURCES LED INNOVATION: EMPLOYING STRUCTURAL BREAK APPROACH TO EXPLORE USA'S NATURAL RESOURCES SECTOR",2023,"RESOURCES POLICY","B","A"
"REVISITING THE CONNECTEDNESS BETWEEN OIL PRICES AND UNCERTAINTY INDICATORS IN BRICS COUNTRIES",2023,"RESOURCES POLICY","B","A"
"FOREIGN CAPITAL INFLOW AND HOUSING PRICES IN A DEVELOPING COUNTRY: AN ADVANCED ECONOMETRIC ENQUIRY",2023,"INTERNATIONAL JOURNAL OF HOUSING MARKETS AND ANALYSIS","B","A"
"RENEWABLE ENERGY AND BANKING SECTOR DEVELOPMENT IMPACT ON LOAD CAPACITY FACTOR IN MALAYSIA",2024,"JOURNAL OF CLEANER PRODUCTION","B","A"
"CHANGE POINTS DETECTION FOR NONSTATIONARY MULTIVARIATE TIME SERIES",2023,"COMMUNICATIONS FOR STATISTICAL APPLICATIONS AND METHODS","B","A"
"INTEREST RATE RISK OF CHINESE COMMERCIAL BANKS BASED ON THE GARCH-EVT MODEL",2023,"HUMANITIES & SOCIAL SCIENCES COMMUNICATIONS","B","A"
"ARE NATURAL RESOURCES AND OIL PRICES A POSSIBLE SOLUTION TO RENEWABLE ENERGY ELECTRICITY? EVIDENCE FROM GLOBAL TIME SERIES DATA",2023,"RESOURCES POLICY","B","A"
"REEXAMINING THE IMPACT OF FOREIGN DIRECT INVESTMENT ON CARBON EMISSIONS: DOES PER CAPITA GDP MATTER?",2023,"HUMANITIES & SOCIAL SCIENCES COMMUNICATIONS","B","A"
"INVESTIGATING PRICE FLUCTUATIONS IN COPPER FUTURES: BASED ON EEMD AND MARKOV-SWITCHING VAR MODEL",2023,"RESOURCES POLICY","B","A"
"INPUT CREDIT SCHEME, FARM PRODUCTIVITY AND FOOD SECURITY NEXUS AMONG SMALLHOLDER RICE FARMERS: EVIDENCE FROM NORTH EAST GHANA",2023,"AGRICULTURAL FINANCE REVIEW","B","A"
"ADDRESSING THE RESOURCE CURSE: EMPIRICAL ANALYSIS OF GREENHOUSE GAS MITIGATION STRATEGIES FOR SUSTAINABLE DEVELOPMENT",2024,"RESOURCES POLICY","B","A"
"ECONOMETRIC MODELING FOR THE INFLUENCE OF ECONOMIC VARIABLES ON SECONDARY COPPER PRODUCTION IN INDIA",2023,"RESOURCES POLICY","B","A"
"ASSESSING OIL PRICE VOLATILITY CO-MOVEMENT WITH STOCK MARKET VOLATILITY THROUGH QUANTILE REGRESSION APPROACH",2023,"RESOURCES POLICY","B","A"
"UNLOCKING THE POTENTIAL OF NATURAL RESOURCES: TRANSFORMING THE RESOURCE CURSE INTO A SUSTAINABLE DEVELOPMENT CORRIDOR THROUGH RESEARCH AND DEVELOPMENT",2023,"RESOURCES POLICY","B","A"
"EQUILIBRIUM INVESTMENT STRATEGY FOR MULTI-PERIOD DC PENSION FUNDS WITH STOCHASTIC INTEREST RATE AND REGIME SWITCHING",2023,"JOURNAL OF INDUSTRIAL AND MANAGEMENT OPTIMIZATION","B","A"
"LEVERAGING ON STRUCTURAL CHANGE AND ISO 14001 CERTIFICATION TO MITIGATE ECOLOGICAL FOOTPRINT IN SHANGHAI COOPERATION ORGANIZATION NATIONS",2023,"JOURNAL OF CLEANER PRODUCTION","B","A"
"DOES LESS FINANCE HARM ECONOMIC GROWTH AS WELL? A NONLINEAR SMOOTH TRANSITION MODEL (STAR) PERSPECTIVE",2024,"MIDDLE EAST DEVELOPMENT JOURNAL","B","A"
"ASYMMETRIC EFFECTS OF THIRD-COUNTRY EXCHANGE RATE RISK: A MARKOV SWITCHING APPROACH",2023,"ANNALS OF TOURISM RESEARCH","B","A"
"LONG-RUN DRIVERS AND INTEGRATION IN INTERPROVINCIAL CANADIAN HOUSING PRICE RELATIONS",2023,"INTERNATIONAL JOURNAL OF HOUSING MARKETS AND ANALYSIS","B","A"
"FOLLOW THE WILL OF THE MARKET: A CONTEXT-INFORMED DRIFT-AWARE METHOD FOR STOCK PREDICTION",2023,"PROCEEDINGS OF THE 32ND ACM INTERNATIONAL CONFERENCE ON INFORMATION AND KNOWLEDGE MANAGEMENT, CIKM 2023","B","A"
"RESOURCE CURSE OR BLESSINGS HYPOTHESIS IN PAKISTAN: THE ROLE OF FINANCIAL DEVELOPMENT AND OIL PRICES IN ERA OF GLOBALIZATION",2023,"RESOURCES POLICY","B","A"
"STRUCTURAL CHANGE AND SECTORAL INTERCONNECTEDNESS IN TWO RESOURCE-ABUNDANT ECONOMIES",2024,"RESOURCES POLICY","B","A"
"NEXUSES BETWEEN RENT OF NATURAL RESOURCES, ECONOMIC COMPLEXITY, AND TECHNOLOGICAL INNOVATION: THE ROLES OF GDP, HUMAN CAPITAL AND CIVIL LIBERTIES",2023,"RESOURCES POLICY","B","A"
"SUSTAINABLE DEVELOPMENT: UNCOVERING THE SYNERGY BETWEEN NATURAL RESOURCES, CLEAN TECHNOLOGIES, AND ECONOMIC PROGRESS",2024,"RESOURCES POLICY","B","A"
"DYNAMIC REGIME DIFFERENCES IN THE MARKET BEHAVIOR OF PRIMARY NATURAL RESOURCES IN RESPONSE TO GEOPOLITICAL RISK AND ECONOMIC POLICY UNCERTAINTY",2023,"RESOURCES POLICY","B","A"
"GEOPOLITICAL RISK ON ENERGY, AGRICULTURE, LIVESTOCK, PRECIOUS AND INDUSTRIAL METALS: NEW FROM A MARKOV MODEL",2023,"RESOURCES POLICY","B","A"
"DATA DEPTH AND CORE-BASED TREND DETECTION ON BLOCKCHAIN TRANSACTION NETWORKS",2024,"FRONTIERS IN BLOCKCHAIN","B","A"
"NOT ALL BULL AND BEAR MARKETS ARE ALIKE: INSIGHTS FROM A FIVE-STATE HIDDEN SEMI-MARKOV MODEL",2023,"RISK MANAGEMENT-AN INTERNATIONAL JOURNAL","B","A"
"DYNAMIC IMPACT OF THE COVID-19 LOCKDOWN INTERVENTION POLICIES ON NETWORK STRUCTURE OF ENERGY FUTURES RETURN CONNECTEDNESS",2023,"JOURNAL OF CLEANER PRODUCTION","B","A"
"THE VOLATILITY OF NATURAL RESOURCES IMPLICATIONS FOR SUSTAINABLE DEVELOPMENT: CRUDE OIL VOLATILITY PREDICTION BASED ON THE MULTIVARIATE STRUCTURAL REGIME SWITCHING",2023,"RESOURCES POLICY","B","A"
"DO NATURAL RESOURCES PROMOTE CARBON NEUTRALITY: THE ROLE OF GREEN FINANCE",2024,"RESOURCES POLICY","B","A"
"FINANCIAL DEVELOPMENT AND RESOURCES CURSE HYPOTHESIS: CHINA'S COVID-19 PERSPECTIVE OF NATURAL RESOURCES EXTRACTION",2023,"RESOURCES POLICY","B","A"
"RESTRICTIVE MEASURES: A QUESTION OF ADEQUACY OR A FAILURE OF TARGETED MEASURES?",2024,"JOURNAL OF MONEY LAUNDERING CONTROL","B","A"
"SUBSAMPLE STABILITY, CHANGE DETECTION AND DYNAMICS OF OIL AND METAL MARKETS: A RECURSIVE APPROACH",2023,"RESOURCES POLICY","B","A"
"ENHANCING CREDIT CARD FRAUD DETECTION: AN ENSEMBLE MACHINE LEARNING APPROACH",2024,"BIG DATA AND COGNITIVE COMPUTING","B","A"
"CONTROL CHARTS FOR MEASUREMENT ERROR MODELS",2023,"ASTA-ADVANCES IN STATISTICAL ANALYSIS","B","A"
"A SYSTEMATIC REVIEW OF INVESTMENT INDICATORS AND ECONOMIC GROWTH IN NIGERIA",2023,"HUMANITIES & SOCIAL SCIENCES COMMUNICATIONS","B","A"
"REVISITING THE NATURAL RESOURCES-FINANCIAL DEVELOPMENT NEXUS IN CHINA: THE IMPORTANCE OF ECONOMIC POLICY UNCERTAINTY",2023,"RESOURCES POLICY","B","A"
"TRANSITION TOWARDS CLEAN ENERGY CONSUMPTION IN G7: CAN FINANCIAL SECTOR, ICT AND DEMOCRACY HELP?",2023,"RESOURCES POLICY","B","A"
"A MARKOV REGIME-SWITCHING (MS) APPROACH TO MODELING THE EFFECTS OF FISCAL POLICIES AND COVID-19 PANDEMIC ON TOURISM DESTINATION COMPETITIVENESS IN KENYA",2023,"JOURNAL OF HOSPITALITY AND TOURISM INSIGHTS","B","A"
"INVESTIGATING TIME-VARYING CAUSALITY BETWEEN MILITARY SPENDING AND MACROECONOMIC INDICATORS IN THE UNITED STATES",2023,"PEACE ECONOMICS PEACE SCIENCE AND PUBLIC POLICY","B","A"
"COINTEGRATION BETWEEN HIGH BASE METALS PRICES AND BACKWARDATION: GETTING READY FOR THE METALS SUPER-CYCLE",2023,"RESOURCES POLICY","B","A"
"CSAL: COST SENSITIVE ACTIVE LEARNING FOR MULTI-SOURCE DRIFTING STREAM",2023,"KNOWLEDGE-BASED SYSTEMS","B","A"
"HOUSE PRICE DYNAMICS AND RELATIONS WITH THE MACROECONOMIC INDICATORS IN TURKEY",2023,"INTERNATIONAL JOURNAL OF HOUSING MARKETS AND ANALYSIS","B","A"
"INVESTMENT DISPUTES AND THEIR EXPLICIT ROLE IN OPTION MARKET UNCERTAINTY AND OVERALL RISK INSTABILITY",2023,"COMPUTATIONAL MANAGEMENT SCIENCE","B","A"
"LIQUIDITY OF CHINA'S GOVERNMENT BOND MARKET: MEASURES AND DRIVING FORCES",2023,"ECONOMIC AND POLITICAL STUDIES-EPS","B","A"
"OIL PRICES AND SECTORAL STOCK RETURNS IN THE BRICS-T COUNTRIES: A TIME-VARYING APPROACH",2022,"RESOURCES POLICY","B","A"
"FORECASTING TOURISM DEMAND CYCLES: A MARKOV SWITCHING APPROACH",2022,"INTERNATIONAL JOURNAL OF TOURISM RESEARCH","B","A"
"REGIME RECOVERY USING IMPLIED VOLATILITY IN MARKOV MODULATED MARKET MODEL",2022,"APPLIED STOCHASTIC MODELS IN BUSINESS AND INDUSTRY","B","A"
"ON THE STATIONARITY OF FUTURES HEDGE RATIOS",2022,"OPERATIONAL RESEARCH","B","A"
"DYNAMIC COMOVEMENT AND EXTREME RISK SPILLOVERS BETWEEN INTERNATIONAL CRUDE OIL AND CHINA?S NON-FERROUS METAL FUTURES MARKET",2023,"RESOURCES POLICY","B","A"
"NATURAL RESOURCES COMMODITY PRICES VOLATILITY: EVIDENCE FROM COVID-19 FOR THE US ECONOMY",2022,"RESOURCES POLICY","B","A"
"QUANTIFYING NONLINEAR EFFECTS OF BRIC AND G4 LIQUIDITY ON OIL PRICES",2022,"HUMANITIES & SOCIAL SCIENCES COMMUNICATIONS","B","A"
"GOLD-OIL DYNAMIC RELATIONSHIP AND THE ASYMMETRIC ROLE OF GEOPOLITICAL RISKS: EVIDENCE FROM BAYESIAN PDBEKK-GARCH WITH REGIME SWITCHING",2022,"RESOURCES POLICY","B","A"
"CAPITAL FLOWS, ECONOMIC GROWTH AND THE REAL EFFECTIVE EXCHANGE RATE: EVIDENCE FROM CHINA",2023,"ECONOMIC AND POLITICAL STUDIES-EPS","B","A"
"STUDY ON THE NONLINEAR INTERACTIONS AMONG THE INTERNATIONAL OIL PRICE, THE RMB EXCHANGE RATE AND CHINA'S GOLD PRICE",2022,"RESOURCES POLICY","B","A"
"ENVIRONMENTALLY-EXTENDED INPUT-OUTPUT ANALYSIS OF CIRCULAR ECONOMY SCENARIOS IN THE PHILIPPINES",2022,"JOURNAL OF CLEANER PRODUCTION","B","A"
"FINANCIALIZATION, NATURAL RESOURCES RENTS AND ENVIRONMENTAL SUSTAINABILITY DYNAMICS IN SAUDI ARABIA UNDER HIGH AND LOW REGIMES",2022,"RESOURCES POLICY","B","A"
"VALUING EQUITY-LINKED DEATH BENEFITS WITH A THRESHOLD EXPENSE STRUCTURE UNDER A REGIME-SWITCHING L′EVY MODEL",2023,"JOURNAL OF INDUSTRIAL AND MANAGEMENT OPTIMIZATION","B","A"
"UNBOXING INTERNATIONAL PUBLIC ADMINISTRATIONS: THE POLITICS OF STRUCTURAL CHANGE IN THE UN SYSTEM (1998-2019)",2023,"AMERICAN REVIEW OF PUBLIC ADMINISTRATION","B","A"
"THE ROLE OF THE NATURAL RESOURCE ABUNDANCE IN THE SHORT AND LONG RUN: THE CASE OF THE KINGDOM OF SAUDI ARABIA",2022,"RESOURCES POLICY","B","A"
"NATURAL RESOURCES RENTS AND ECONOMIC PERFORMANCE: POST-COVID-19 ERA FOR G7 COUNTRIES",2022,"RESOURCES POLICY","B","A"
"DOES TOURISM AFFECT HOUSE PRICES IN TURKEY? EVIDENCE FROM SMOOTH STRUCTURAL BREAK TESTS",2022,"INTERNATIONAL JOURNAL OF HOUSING MARKETS AND ANALYSIS","B","A"
"A STOCK PRICE PREDICTION METHOD BASED ON META-LEARNING AND VARIATIONAL MODE DECOMPOSITION",2022,"KNOWLEDGE-BASED SYSTEMS","B","A"
"FINANCIAL DEVELOPMENT AND NATURAL RESOURCES. IS THERE A STOCK MARKET RESOURCE CURSE?",2022,"RESOURCES POLICY","B","A"
"COMPARATIVE RESPONSE OF GLOBAL ENERGY FIRM STOCKS TO UNCERTAINTIES FROM THE CRUDE OIL MARKET, STOCK MARKET, AND ECONOMIC POLICY",2022,"RESOURCES POLICY","B","A"
"NATURAL RESOURCES, CONSUMER PRICES AND FINANCIAL DEVELOPMENT IN CHINA: MEASURES TO CONTROL CARBON EMISSIONS AND ECOLOGICAL FOOTPRINTS",2022,"RESOURCES POLICY","B","A"
"SHOCK EFFECT OF COVID-19 INFECTION ON ENVIRONMENTAL QUALITY AND ECONOMIC DEVELOPMENT IN CHINA: CAUSAL LINKAGES (HEALTH ECONOMIC EVALUATION)",2022,"ENVIRONMENT DEVELOPMENT AND SUSTAINABILITY","B","A"
"PRICE VOLATILITY OF HOGS AND TRACING OF THE EVENT IN CHINA: BASED ON CEEMDAN METHOD",2022,"FRONTIERS IN ENERGY RESEARCH","B","A"
"IMPACT OF FINANCIAL INSTABILITY ON INTERNATIONAL CRUDE OIL VOLATILITY: NEW SIGHT FROM A REGIME-SWITCHING FRAMEWORK",2022,"RESOURCES POLICY","B","A"
"NATURAL RESOURCES' IMPACT ON CAPITAL FLOW AND CONFLICT RELATIONSHIP IN AFRICA: A NOVEL INSIGHT FROM GMM AND QUANTILE REGRESSION",2022,"RESOURCES POLICY","B","A"
"HETEROGENEOUS EFFECTS OF OIL STRUCTURE AND OIL SHOCKS ON STOCK PRICES IN DIFFERENT REGIMES: EVIDENCE FROM OIL-EXPORTING AND OIL-IMPORTING COUNTRIES",2022,"RESOURCES POLICY","B","A"
"THE NEXUS BETWEEN WIND ENERGY CONSUMPTION, ECONOMIC GROWTH AND FINANCIAL DEVELOPMENT: EVIDENCE FROM PANEL CAUSALITY AND COINTEGRATION TEST WITH FOURIER FUNCTION",2022,"TECHNOLOGY AND ECONOMICS OF SMART GRIDS AND SUSTAINABLE ENERGY","B","A"
"DO FINANCIAL DEVELOPMENT, ECONOMIC GROWTH, ENERGY CONSUMPTION, AND TRADE OPENNESS CONTRIBUTE TO INCREASE CARBON EMISSION IN PAKISTAN? AN INSIGHT BASED ON ARDL BOUND TESTING APPROACH",2023,"ENVIRONMENT DEVELOPMENT AND SUSTAINABILITY","B","A"
"NONLINEAR ANALYSIS OF TECHNOLOGICAL INNOVATION AND ELECTRICITY GENERATION ON CARBON DIOXIDE EMISSIONS IN CHINA",2022,"JOURNAL OF CLEANER PRODUCTION","B","A"
"UNCERTAINTY AND OIL VOLATILITY: EVIDENCE FROM SHRINKAGE METHOD",2022,"RESOURCES POLICY","B","A"
"DOES NATURAL RESOURCE CURSE IN FINANCE EXIST IN AFRICA? EVIDENCE FROM SPATIAL TECHNIQUES",2023,"RESOURCES POLICY","B","A"
"ON A BUFFERED THRESHOLD AUTOREGRESSIVE STOCHASTIC VOLATILITY MODEL",2022,"APPLIED STOCHASTIC MODELS IN BUSINESS AND INDUSTRY","B","A"
"AN EXACT AND EXPLICIT FORMULA FOR PRICING LOOKBACK OPTIONS WITH REGIME SWITCHING",2023,"JOURNAL OF INDUSTRIAL AND MANAGEMENT OPTIMIZATION","B","A"
"IS THE ESG PORTFOLIO LESS TURBULENT THAN A MARKET BENCHMARK PORTFOLIO?",2022,"RISK MANAGEMENT-AN INTERNATIONAL JOURNAL","B","A"
"MAKE GREEN, LIVE CLEAN! LINKING ADAPTIVE CAPABILITY AND ENVIRONMENTAL BEHAVIOR WITH FINANCIAL PERFORMANCE THROUGH CORPORATE SUSTAINABILITY PERFORMANCE",2022,"JOURNAL OF CLEANER PRODUCTION","B","A"
"BIODIESEL FEEDSTOCK AND CRUDE OIL PRICE RELATIONSHIPS - THE EFFECTS OF POLICY AND SHALE OIL EXPANSION",2022,"AGRICULTURAL AND RESOURCE ECONOMICS REVIEW","B","A"
"DESIGNING A CONTEMPORANEITY INDEX: DETECTING REGIONAL SIMILARITIES IN SOUTH AMERICA, 1961-2018",2023,"REGIONAL STATISTICS","B","A"
"SYSTEMIC SPILLOVER DYNAMICS OF CRUDE OIL WITH INDIAN FINANCIAL INDICATORS IN POST WPI REVISION AND COVID ERA",2022,"RESOURCES POLICY","B","A"
"STOCK MARKET RESOURCE CURSE: THE MODERATING ROLE OF INSTITUTIONAL QUALITY",2022,"RESOURCES POLICY","B","A"
"IMPACTS OF LAND-USE AND LAND-COVER CHANGE ON RURAL LIVELIHOODS: EVIDENCE FROM EASTERN SIERRA LEONE",2022,"APPLIED GEOGRAPHY","B","A"
"WHAT WILL BE THE ECONOMIC IMPACT OF THE NEW MEDICAL DEVICE REGULATION? AN INTERRUPTED TIME-SERIES ANALYSIS OF FOREIGN TRADE DATA",2022,"VALUE IN HEALTH REGIONAL ISSUES","B","A"
"NATURAL RESOURCE AND ECONOMIC GROWTH NEXUS IN NIGERIA: A DISAGGREGATED APPROACH",2022,"LETTERS IN SPATIAL AND RESOURCE SCIENCES","B","A"
"CHANGE DETECTION FOR LOCAL EXPLAINABILITY IN EVOLVING DATA STREAMS",2022,"PROCEEDINGS OF THE 31ST ACM INTERNATIONAL CONFERENCE ON INFORMATION AND KNOWLEDGE MANAGEMENT, CIKM 2022","B","A"
"SOCIO-ECONOMIC IMPACT ASSESSMENT OF ENVIRONMENTAL DEGRADATION IN PAKISTAN: FRESH EVIDENCE FROM THE MARKOV SWITCHING EQUILIBRIUM CORRECTION MODEL",2022,"ENVIRONMENT DEVELOPMENT AND SUSTAINABILITY","B","A"
"DYNAMIC CAUSAL EFFECTS OF PANDEMIC-INDUCED UNCERTAINTY ON OUTPUT, CREDIT, AND ASSET PRICES: A SYMBOLIC TRANSFER ENTROPY APPROACH",2022,"INDUSTRIAL ENGINEERING AND MANAGEMENT SYSTEMS","B","A"
"IS BANGLADESH ON THE RIGHT PATH TOWARD SUSTAINABLE DEVELOPMENT? AN EMPIRICAL EXPLORATION OF ENERGY SOURCES, ECONOMIC GROWTH, AND CO2 DISCHARGES NEXUS",2022,"RESOURCES POLICY","B","A"
"ENVIRONMENTAL KUZNETS CURVE AND CAUSAL LINKS BETWEEN ENVIRONMENTAL DEGRADATION AND SELECTED SOCIOECONOMIC INDICATORS IN BANGLADESH",2022,"ENVIRONMENT DEVELOPMENT AND SUSTAINABILITY","B","A"
"HOW COVID-19 UPTURNS THE HEDGING POTENTIALS OF GOLD AGAINST OIL AND STOCK MARKETS RISKS: NONLINEAR EVIDENCES THROUGH THRESHOLD REGRESSION AND MARKOV-REGIME SWITCHING MODELS",2021,"RESOURCES POLICY","B","A"
"ONLINE MULTI-HORIZON TRANSACTION METRIC ESTIMATION WITH MULTI-MODAL LEARNING IN PAYMENT NETWORKS",2021,"PROCEEDINGS OF THE 30TH ACM INTERNATIONAL CONFERENCE ON INFORMATION & KNOWLEDGE MANAGEMENT, CIKM 2021","B","A"
"AN IMPULSE-REGIME SWITCHING GAME MODEL OF VERTICAL COMPETITION",2021,"DYNAMIC GAMES AND APPLICATIONS","B","A"
"STOCK MARKET PERFORMANCE OF THE US HOSPITALITY AND TOURISM DURING THE COVID-19 PANDEMIC",2022,"TOURISM ANALYSIS","B","A"
"SHORT-TERM STOCHASTIC MOVEMENTS OF ELECTRICITY PRICES AND LONG-TERM INVESTMENTS IN POWER GENERATING TECHNOLOGIES",2021,"ENERGY SYSTEMS-OPTIMIZATION MODELING SIMULATION AND ECONOMIC ASPECTS","B","A"
"EMPIRICAL SURVEY-BASED HARVEST CONTROL RULES IN A TRANSBOUNDARY SMALL PELAGIC FISHERY UNDER RECRUITMENT REGIME SHIFTS: THE CASE OF THE NORTHERN CHILEAN-SOUTHERN PERUVIAN ANCHOVY",2021,"MARINE POLICY","B","A"
"MARKET RISK FACTORS ANALYSIS FOR AN INTERNATIONAL MINING COMPANY. MULTI-DIMENSIONAL, HEAVY-TAILED-BASED MODELLING",2021,"RESOURCES POLICY","B","A"
"SPATIAL ASPECTS OF THE RESTRUCTURING OF THE HUNGARIAN ECONOMY BETWEEN 2000 AND 2019",2022,"DETUROPE-THE CENTRAL EUROPEAN JOURNAL OF REGIONAL DEVELOPMENT AND TOURISM","B","A"
"MANAGING EXPOSURE TO VOLATILE OIL PRICES: EVIDENCE FROM US SECTORAL AND INDUSTRY-LEVEL DATA",2021,"RESOURCES POLICY","B","A"
"COVID-19 PANDEMIC AND ECONOMIC POLICY UNCERTAINTY REGIMES AFFECT COMMODITY MARKET VOLATILITY",2021,"RESOURCES POLICY","B","A"
"MODELLING EXTREME RISKS FOR CARBON EMISSION ALLOWANCES-EVIDENCE FROM EUROPEAN AND CHINESE CARBON MARKETS",2021,"JOURNAL OF CLEANER PRODUCTION","B","A"
"PRICE-SWITCHING SPILLOVERS BETWEEN GOLD, OIL, AND STOCK MARKETS: EVIDENCE FROM THE USA AND CHINA DURING THE COVID-19 PANDEMIC",2021,"RESOURCES POLICY","B","A"
"BOND PRICING FORMULAS FOR MARKOV-MODULATED AFFINE TERM STRUCTURE MODELS",2021,"JOURNAL OF INDUSTRIAL AND MANAGEMENT OPTIMIZATION","B","A"
"COVID-19 AND THE SOUTH AFRICAN WINE INDUSTRY",2022,"AGREKON","B","A"
"SPATIOTEMPORAL CHANGE DETECTION OF ECOLOGICAL QUALITY AND THE ASSOCIATED AFFECTING FACTORS IN DONGTING LAKE BASIN, BASED ON RSEI",2021,"JOURNAL OF CLEANER PRODUCTION","B","A"
"THE IMPACTS OF COUNTRY RISK, GLOBAL ECONOMIC POLICY UNCERTAINTY, AND MACROECONOMIC FACTORS ON THE TURKISH TOURISM INDUSTRY",2022,"INTERNATIONAL JOURNAL OF HOSPITALITY & TOURISM ADMINISTRATION","B","A"
"ON RUIN PROBABILITIES WITH RISKY INVESTMENTS IN A STOCK WITH STOCHASTIC VOLATILITY",2021,"EXTREMES","B","A"
"EXPLORING THE RELATIONSHIP BETWEEN CARBON DIOXIDE EMISSIONS, URBANISATION AND FINANCIAL DEEPENING FOR TURKEY USING THE SYMMETRIC AND ASYMMETRIC CAUSALITY APPROACHES",2021,"ENVIRONMENT DEVELOPMENT AND SUSTAINABILITY","B","A"
"RAPID RESPONDING TO THE COVID-19 CRISIS: ASSESSING THE RESILIENCE IN THE GERMAN RESTAURANT AND BAR INDUSTRY",2021,"INTERNATIONAL JOURNAL OF HOSPITALITY MANAGEMENT","B","A"
"MULTIPLE CHANGE-POINT ESTIMATION IN SPECTRAL REPRESENTATION",2022,"COMMUNICATIONS FOR STATISTICAL APPLICATIONS AND METHODS","B","A"
"OPEN-LOOP SOLVABILITY FOR MEAN-FIELD STOCHASTIC LINEAR QUADRATIC OPTIMAL CONTROL PROBLEMS OF MARKOV REGIME-SWITCHING SYSTEM",2022,"JOURNAL OF INDUSTRIAL AND MANAGEMENT OPTIMIZATION","B","A"
"UNILATERAL CURRENCY UNION WITH A HIGH-INCOME AREA: THE CASE OF MONTENEGRO",2022,"EUROPEAN JOURNAL OF COMPARATIVE ECONOMICS","B","A"
"CHANGES OF BASE-YEAR AND INDIAN GDP GROWTH: AN AGNOSTIC LOOK",2021,"INDIAN GROWTH AND DEVELOPMENT REVIEW","B","A"
"ARE INDIAN SECTORAL INDICES OIL SHOCK PRONE? AN EMPIRICAL EVALUATION",2021,"RESOURCES POLICY","B","A"
"OIL-GOLD NEXUS: EVIDENCE FROM REGIME SWITCHING-QUANTILE REGRESSION APPROACH",2021,"RESOURCES POLICY","B","A"
"PORTFOLIO OPTIMIZATION FOR JUMP-DIFFUSION RISKY ASSETS WITH REGIME SWITCHING: A TIME-CONSISTENT APPROACH",2022,"JOURNAL OF INDUSTRIAL AND MANAGEMENT OPTIMIZATION","B","A"
"STOCK MARKET VOLATILITY AND TERRORISM: NEW EVIDENCE FROM THE MARKOV SWITCHING MODEL",2021,"PEACE ECONOMICS PEACE SCIENCE AND PUBLIC POLICY","B","A"
"INVESTIGATING THE NEXUS BETWEEN GDP, OIL PRICES, FDI, AND TOURISM FOR EMERGING ECONOMY: EMPIRICAL EVIDENCE FROM THE NOVEL FOURIER ARDL AND HIDDEN COINTEGRATION",2021,"RESOURCES POLICY","B","A"
"WHY DID UKRAINE BECOME A KEY PLAYER ON THE WORLD AGRI-FOOD MARKETS? AN ENTERPRISE-LEVEL PERSPECTIVE",2022,"GERMAN JOURNAL OF AGRICULTURAL ECONOMICS","B","A"
"CLOSED-FORM APPROXIMATED PRICING OF MULTIVARIATE DERIVATIVES UNDER SWITCHING REGIME MODELS",2021,"APPLIED STOCHASTIC MODELS IN BUSINESS AND INDUSTRY","B","A"
"GAUSSIAN CLUSTERING AND JUMP-DIFFUSION MODELS OF ELECTRICITY PRICES: A DEEP LEARNING ANALYSIS",2021,"DECISIONS IN ECONOMICS AND FINANCE","B","A"
"ENERGY DIVERSIFICATION AND ECONOMIC DEVELOPMENT IN EMERGENT COUNTRIES: EVIDENCE FROM FOURIER FUNCTION-DRIVEN BOOTSTRAP PANEL CAUSALITY TEST",2021,"FRONTIERS IN ENERGY RESEARCH","B","A"
"WHAT DRIVES OIL PRICES? - A MARKOV SWITCHING VAR APPROACH",2021,"RESOURCES POLICY","B","A"
"CHAOTIC BEHAVIOR IN GOLD, SILVER, COPPER AND BITCOIN PRICES",2021,"RESOURCES POLICY","B","A"
"DO FUTURE MARKETS PROTECT THE SPOT MARKETS IN DEVELOPING COUNTRIES? THE CASE OF THE EGYPTIAN WHEAT MARKET",2021,"NEW MEDIT","B","A"
"THE IMPACT OF COVID-19 ON COMMODITY MARKETS VOLATILITY: ANALYZING TIME-FREQUENCY RELATIONS BETWEEN COMMODITY PRICES AND CORONAVIRUS PANIC LEVELS",2021,"RESOURCES POLICY","B","A"
"LEARNING TO LEARN THE FUTURE: MODELING CONCEPT DRIFT IN TIME SERIES PREDICTION",2021,"PROCEEDINGS OF THE 30TH ACM INTERNATIONAL CONFERENCE ON INFORMATION & KNOWLEDGE MANAGEMENT, CIKM 2021","B","A"
"MODELING GARCH PROCESSES IN BASE METALS RETURNS USING PANEL DATA",2021,"RESOURCES POLICY","B","A"
"DOES FINANCIAL RISK AND FISCAL DECENTRALIZATION CURB RESOURCES CURSE HYPOTHESIS IN CHINA? ANALYZING THE ROLE OF GLOBALIZATION",2021,"RESOURCES POLICY","B","A"
"THE NCOVID-19 AND FINANCIAL STRESS IN THE USA: HEALTH IS WEALTH",2021,"ENVIRONMENT DEVELOPMENT AND SUSTAINABILITY","B","A"
"FOREIGN CAPITAL INFLOWS AND HOUSING MARKET IN PAKISTAN",2021,"INTERNATIONAL JOURNAL OF HOUSING MARKETS AND ANALYSIS","B","A"
"COMPARATIVE EVALUATION OF THE SUPERVISED MACHINE LEARNING CLASSIFICATION METHODS AND THE CONCEPT DRIFT DETECTION METHODS IN THE FINANCIAL BUSINESS PROBLEMS",2021,"ENTERPRISE INFORMATION SYSTEMS, ICEIS 2020","B","A"
"PRICE SPILLOVERS BETWEEN RARE EARTH STOCKS AND FINANCIAL MARKETS",2020,"RESOURCES POLICY","B","A"
"PRICE DRIVERS IN THE CARBON EMISSIONS TRADING SCHEME: EVIDENCE FROM CHINESE EMISSIONS TRADING SCHEME PILOTS",2021,"JOURNAL OF CLEANER PRODUCTION","B","A"
"THE RELATIONSHIP BETWEEN CRUDE OIL EXPORTS, CRUDE OIL PRICES AND MILITARY EXPENDITURES IN SOME OPEC COUNTRIES",2020,"RESOURCES POLICY","B","A"
"ANALYSIS OF COAL-RELATED ENERGY CONSUMPTION IN PAKISTAN: AN ALTERNATIVE ENERGY RESOURCE TO FUEL ECONOMIC DEVELOPMENT",2020,"ENVIRONMENT DEVELOPMENT AND SUSTAINABILITY","B","A"
"DETECTION OF VOLATILITY REGIME-SWITCHING FOR CRUDE OIL PRICE MODELING AND FORECASTING",2020,"RESOURCES POLICY","B","A"
"AN EMPIRICAL EXAMINATION OF THE IMPACT OF ECONOMIC STRUCTURAL CHANGE ON INCOME INEQUALITY: DYNAMIC HETEROGENEOUS PANEL APPROACH",2021,"EUROPEAN JOURNAL OF SUSTAINABLE DEVELOPMENT","B","A"
"VALUING REAL OPTIONS IN THE VOLATILE REAL WORLD",2021,"PRODUCTION AND OPERATIONS MANAGEMENT","B","A"
"MIXED FREQUENCY EVIDENCE OF THE TOURISM GROWTH RELATIONSHIP IN SMALL ISLAND DEVELOPING STATES: A CASE STUDY OF TONGA",2021,"ASIA PACIFIC JOURNAL OF TOURISM RESEARCH","B","A"
"A COINTEGRATION ANALYSIS OF STRUCTURAL CHANGE, INTERNATIONAL TOURISM AND ENERGY CONSUMPTION ON CO2EMISSION IN PAKISTAN",2020,"CURRENT ISSUES IN TOURISM","B","A"
"FILTER-BASED PORTFOLIO STRATEGIES IN AN HMM SETTING WITH VARYING CORRELATION PARAMETRIZATIONS",2020,"APPLIED STOCHASTIC MODELS IN BUSINESS AND INDUSTRY","B","A"
"PRICING AND HEDGING DEFAULTABLE PARTICIPATING CONTRACTS WITH REGIME SWITCHING AND JUMP RISK",2020,"DECISIONS IN ECONOMICS AND FINANCE","B","A"
"HEDGING AGRICULTURE COMMODITIES FUTURES WITH HISTOGRAM DATA: A MARKOV SWITCHING VOLATILITY AND CORRELATION MODEL",2021,"INTERNATIONAL JOURNAL OF DATA MINING MODELLING AND MANAGEMENT","B","A"
"ANALYSIS OF THE DYNAMICS OF STRUCTURAL PROCESSES IN THE CONTEXT OF ENSURING SUSTAINABLE DEVELOPMENT",2021,"EUROPEAN JOURNAL OF SUSTAINABLE DEVELOPMENT","B","A"
"DOES ECONOMIC POLICY UNCERTAINTY DRIVE THE DYNAMIC CONNECTEDNESS BETWEEN OIL PRICE SHOCKS AND GOLD PRICE?",2020,"RESOURCES POLICY","B","A"
"ECONOMIC GROWTH AND CARBON EMISSIONS: ESTIMATION OF A PANEL THRESHOLD MODEL FOR THE TRANSITION PROCESS IN CHINA",2021,"JOURNAL OF CLEANER PRODUCTION","B","A"
"DO GREEN INVESTMENTS REACT TO OIL PRICE SHOCKS? IMPLICATIONS FOR SUSTAINABLE DEVELOPMENT",2020,"JOURNAL OF CLEANER PRODUCTION","B","A"
"INTERNATIONAL PRICE VOLATILITY TRANSMISSION AND STRUCTURAL CHANGE: A MARKET CONNECTIVITY ANALYSIS IN THE BEEF SECTOR",2020,"HUMANITIES & SOCIAL SCIENCES COMMUNICATIONS","B","A"
"TIME-VARYING NOVAS VERSUS GARCH: POINT PREDICTION, VOLATILITY ESTIMATION AND PREDICTION INTERVALS",2020,"JOURNAL OF TIME SERIES ECONOMETRICS","B","A"
"CO2 RESPONSE TO BUSINESS CYCLES: NEW EVIDENCE OF THE LARGEST CO2- EMITTING COUNTRIES IN ASIA AND THE MIDDLE EAST",2020,"JOURNAL OF CLEANER PRODUCTION","B","A"
"CIVIL SOCIETY, NATURAL RESOURCES & DICTATORSHIP",2021,"EURASIAN GEOGRAPHY AND ECONOMICS","B","A"
"THE EFFECTS OF SHALE OIL PRODUCTION, CAPITAL AND LABOUR ON ECONOMIC GROWTH IN THE UNITED STATES: A MAXIMUM LIKELIHOOD ANALYSIS OF THE RESOURCE CURSE HYPOTHESIS",2020,"RESOURCES POLICY","B","A"
"LAND USE LAND COVER CHANGE DETECTION THROUGH GEOSPATIAL ANALYSIS IN AN INDIAN BIOSPHERE RESERVE",2020,"TREES FORESTS AND PEOPLE","B","A"
"REVISITING THE DYNAMIC LINKAGES OF TREASURY BOND YIELDS FOR THE BRICS: A FORECASTING ANALYSIS",2020,"FORECASTING","B","A"
"THE INFLATION HEDGING PROPERTIES OF GOLD, STOCKS AND REAL ESTATE: A COMPARATIVE ANALYSIS",2020,"RESOURCES POLICY","B","A"
"FUNDAMENTALS VERSUS SPECULATION IN OIL MARKET: THE ROLE OF ASYMMETRIES IN PRICE ADJUSTMENT?",2020,"RESOURCES POLICY","B","A"
"THE HEDGING EFFECTIVENESS OF INDUSTRIAL METALS AGAINST DIFFERENT OIL SHOCKS: EVIDENCE FROM THE FOUR NEWLY DEVELOPED OIL SHOCKS DATASETS",2020,"RESOURCES POLICY","B","A"
"PORTFOLIO SELECTION IN A REGIME SWITCHING MARKET WITH A BANKRUPTCY STATE AND AN UNCERTAIN EXIT-TIME: MULTI-PERIOD MEAN-VARIANCE FORMULATION",2020,"OPERATIONAL RESEARCH","B","A"
"REMITTANCES AND DISAGGREGATED COUNTRY RISK RATINGS IN TUNISIA: AN ARDL APPROACH",2021,"MIDDLE EAST DEVELOPMENT JOURNAL","B","A"
"ANALYSIS OF PERFORMANCE DEVIATION OF WIND POWER ENTERPRISES IN CHINA",2020,"FRONTIERS IN ENERGY RESEARCH","B","A"
"LOOKING FOR ASYMMETRIES AND NONLINEARITIES: THE NEXUS BETWEEN RENEWABLE ENERGY AND ENVIRONMENTAL DEGRADATION IN THE NORTHWESTERN PROVINCES OF CHINA",2020,"JOURNAL OF CLEANER PRODUCTION","B","A"
"NON-FOSSIL FUEL ENERGY USAGE AND ECONOMIC GROWTH IN INDIA: A STUDY ON NON-LINEAR COINTEGRATION, ASYMMETRY AND CAUSALITY",2020,"JOURNAL OF CLEANER PRODUCTION","B","A"
"CHOICE OF LAW AND JURISDICTION IN BANKING AND FINANCE CONTRACTS AFTER BREXIT: A PERSPECTIVE FROM EUROPE",2020,"LAW AND FINANCIAL MARKETS REVIEW","B","A"
"DETERMINANTS OF GOLD PRICE MOVEMENTS: AN EMPIRICAL INVESTIGATION IN THE PRESENCE OF MULTIPLE STRUCTURAL BREAKS",2020,"RESOURCES POLICY","B","A"
"TIME-VARYING IMPACT OF OIL PRICES ON SECTORAL STOCK RETURNS: EVIDENCE FROM TURKEY",2020,"RESOURCES POLICY","B","A"
"IS THE RELATIONSHIP BETWEEN OIL-GAS PRICES INDEX AND ECONOMIC GROWTH IN TURKEY PERMANENT?",2020,"RESOURCES POLICY","B","A"
"THE CAUSALITY BETWEEN HOUSE PRICES AND STOCK PRICES: EVIDENCE FROM SEVEN EUROPEAN COUNTRIES",2021,"INTERNATIONAL JOURNAL OF HOUSING MARKETS AND ANALYSIS","B","A"
"CHANGE POINT ANALYSIS IN BITCOIN RETURN SERIES : A ROBUST APPROACH",2021,"COMMUNICATIONS FOR STATISTICAL APPLICATIONS AND METHODS","B","A"
"COINTEGRATION AND SPATIAL PRICE TRANSMISSION AMONG RICE MARKETS IN TANZANIA: IMPLICATIONS FOR PRICE STABILISATION POLICIES",2021,"AGREKON","B","A"
"ASYMMETRIC CAUSALITY IN QUANTILES ANALYSIS OF THE OIL-FOOD NEXUS SINCE THE 1960S",2020,"RESOURCES POLICY","B","A"
"THE IMPERATIVENESS OF ENVIRONMENTAL QUALITY IN THE UNITED STATES TRANSPORTATION SECTOR AMIDST BIOMASS-FOSSIL ENERGY CONSUMPTION AND GROWTH",2021,"JOURNAL OF CLEANER PRODUCTION","B","A"
"A SIMILARITY-BASED APPROACH FOR MACROECONOMIC FORECASTING",2020,"JOURNAL OF THE ROYAL STATISTICAL SOCIETY SERIES A-STATISTICS IN SOCIETY","B","A"
"BAYESIAN ANALYSIS OF DYNAMIC LINKAGES AMONG GOLD PRICE, STOCK PRICES, EXCHANGE RATE AND INTEREST RATE IN PAKISTAN",2019,"RESOURCES POLICY","B","A"
"DOES AN ASYMMETRIC NEXUS EXIST BETWEEN FINANCIAL DEEPENING AND NATURAL RESOURCES FOR EMERGING ECONOMY? EVIDENCE FROM MULTIPLE BREAK COINTEGRATION TEST",2019,"RESOURCES POLICY","B","A"
"A SEGMENTED GENERALIZED MARKOV REGIME-SWITCHING MODEL WITH ITS APPLICATION IN FINANCIAL TIME SERIES DATA",2020,"JOURNAL OF STATISTICAL COMPUTATION AND SIMULATION","B","A"
"NONLINEAR EFFECTS OF FINANCIAL FACTORS ON FLUCTUATIONS IN NONFERROUS METALS PRICES: A MARKOV-SWITCHING VAR ANALYSIS",2019,"RESOURCES POLICY","B","A"
"QUANTILE FORECASTING BASED ON A BIVARIATE HYSTERETIC AUTOREGRESSIVE MODEL WITH GARCH ERRORS AND TIME -VARYING CORRELATIONS",2019,"APPLIED STOCHASTIC MODELS IN BUSINESS AND INDUSTRY","B","A"
"THE IMPACT OF OIL PRICE SHOCKS ON TEHRAN STOCK EXCHANGE RETURNS: APPLICATION OF THE MARKOV SWITCHING VECTOR AUTOREGRESSIVE MODELS",2020,"RESOURCES POLICY","B","A"
"DO SHOCKS HAVE PERMANENT OR TRANSITORY EFFECTS ON TOURIST INFLOW? AN APPLICATION OF STATIONARITY TEST WITH STRUCTURAL BREAKS: EVIDENCE REEXAMINED FOR GILGIT-BALTISTAN, PAKISTAN",2020,"ASIA PACIFIC JOURNAL OF TOURISM RESEARCH","B","A"
"THE IMPACT OF THE RECENT OIL PRICE DECLINE ON THE GCC BANKING SYSTEM",2020,"MIDDLE EAST DEVELOPMENT JOURNAL","B","A"
"MODELING VOLATILITY OF PRECIOUS METALS MARKETS BY USING REGIME-SWITCHING GARCH MODELS",2019,"RESOURCES POLICY","B","A"
"TACKING REGIME CHANGES IN THE MARKETS",2019,"2019 IEEE CONFERENCE ON COMPUTATIONAL INTELLIGENCE FOR FINANCIAL ENGINEERING & ECONOMICS (CIFER 2019)","B","A"
"A CLASS OF CUSUM TESTS USING EMPIRICAL DISTRIBUTIONS FOR TAIL CHANGES IN WEAKLY DEPENDENT PROCESSES",2020,"COMMUNICATIONS FOR STATISTICAL APPLICATIONS AND METHODS","B","A"
"IDENTIFICATION OF THE DAILY SEASONALITY IN GOLD RETURNS AND VOLATILITIES: EVIDENCE FROM SHANGHAI AND LONDON",2019,"RESOURCES POLICY","B","A"
"ANALYSING THE GOLD-STOCK NEXUS USING VARMA-BEKK-AGARCH AND QUANTILE REGRESSION MODELS: NEW EVIDENCE FROM SOUTH AFRICA AND NIGERIA",2019,"RESOURCES POLICY","B","A"
"A GLOBAL ASSESSMENT OF STRUCTURAL CHANGE IN DEVELOPMENT FUNDING FOR FISHERIES",2019,"MARINE POLICY","B","A"
"BAYESIAN SEMIPARAMETRIC MARKOV SWITCHING STOCHASTIC VOLATILITY MODEL",2019,"APPLIED STOCHASTIC MODELS IN BUSINESS AND INDUSTRY","B","A"
"OPTIMAL INVESTMENT AND DIVIDEND FOR AN INSURER UNDER A MARKOV REGIME SWITCHING MARKET WITH HIGH GAIN TAX",2020,"JOURNAL OF INDUSTRIAL AND MANAGEMENT OPTIMIZATION","B","A"
"TWIN DEFICIT HYPOTHESIS AND REVERSE CAUSALITY: A CASE STUDY OF CHINA",2019,"PALGRAVE COMMUNICATIONS","B","A"
"NATURAL RESOURCE ABUNDANCE, TECHNOLOGICAL INNOVATION, AND HUMAN CAPITAL NEXUS WITH FINANCIAL DEVELOPMENT: A CASE STUDY OF CHINA",2020,"RESOURCES POLICY","B","A"
"AN EXAMINATION OF THE ASYMMETRIC EFFECT OF OIL PRICES ON TOURISM RECEIPTS",2020,"CURRENT ISSUES IN TOURISM","B","A"
"THE SHALE GAS BOOM IN THE US: PRODUCTIVITY SHOCKS AND PRICE RESPONSIVENESS",2019,"JOURNAL OF CLEANER PRODUCTION","B","A"
"ASSESSING THE INFLATION HEDGING POTENTIAL OF COAL AND IRON ORE IN AUSTRALIA",2019,"RESOURCES POLICY","B","A"
"PREDICTING EXCHANGE RATE WITH COMMODITY PRICES: NEW EVIDENCE FROM WESTERLUND AND NARAYAN (2015) ESTIMATOR WITH STRUCTURAL BREAKS AND ASYMMETRIES",2019,"RESOURCES POLICY","B","A"
"RESOURCE CURSE HYPOTHESIS AND ROLE OF OIL PRICES IN USA",2019,"RESOURCES POLICY","B","A"
"THE NATURE OF EXCHANGE RATE MOVEMENTS AND EXCHANGE RATE EXPOSURE: THE BANGLADESH CASE",2019,"JOURNAL OF SOUTH ASIAN DEVELOPMENT","B","A"
"DYNAMIC PREDICTION OF RELATIVE FINANCIAL DISTRESS BASED ON IMBALANCED DATA STREAM: FROM THE VIEW OF ONE INDUSTRY",2019,"RISK MANAGEMENT-AN INTERNATIONAL JOURNAL","B","A"
"EXPLORING THE DYNAMICS OF BUSINESS SURVEY DATA USING MARKOV MODELS",2019,"COMPUTATIONAL MANAGEMENT SCIENCE","B","A"
"A DYNAMIC FINANCIAL DISTRESS FORECAST MODEL WITH MULTIPLE FORECAST RESULTS UNDER UNBALANCED DATA ENVIRONMENT",2020,"KNOWLEDGE-BASED SYSTEMS","B","A"
"STATISTICAL MODELING OF OVERCONFIDENCE AND SPECULATIVE BUBBLES IN CHINA'S STOCK MARKET",2020,"2020 9TH INTERNATIONAL CONFERENCE ON INDUSTRIAL TECHNOLOGY AND MANAGEMENT (ICITM 2020)","B","A"
"GROWTH AND INVESTMENT: TESTING FOR THE RELATIONSHIP FOR SOUTH ASIAN COUNTRIES",2019,"MILLENNIAL ASIA","B","A"
"EXPLORING THE EFFECT OF TOURISM AND ECONOMIC GROWTH IN FIJI: ACCOUNTING FOR CAPITAL, LABOR, AND STRUCTURAL BREAKS",2019,"TOURISM ANALYSIS","B","A"
"TESTING THE PREDICTABILITY OF COMMODITY PRICES IN STOCK RETURNS OF G7 COUNTRIES: EVIDENCE FROM A NEW APPROACH",2019,"RESOURCES POLICY","B","A"
"AN UNOBSERVED COMPONENT ANALYSIS OF MALAYSIA'S HOUSE PRICES",2019,"INTERNATIONAL JOURNAL OF HOUSING MARKETS AND ANALYSIS","B","A"
"REVISITING THE INTEGRATION OF CHINA INTO THE WORLD CRUDE OIL MARKET: THE ROLE OF STRUCTURAL BREAKS",2019,"FRONTIERS IN ENERGY RESEARCH","B","A"
"CONTROL CHARTS BASED ON DEPENDENT COUNT DATA WITH DEFLATION OR INFLATION OF ZEROS",2019,"JOURNAL OF STATISTICAL COMPUTATION AND SIMULATION","B","A"
"A RISK ANALYSIS OF STEP-DOWN EQUITY-LINKED SECURITIES BASED ON REGIME-SWITCHING COPULA",2020,"COMMUNICATIONS FOR STATISTICAL APPLICATIONS AND METHODS","B","A"
"THE EFFECTS OF ENERGY PRICE, TECHNOLOGY, AND DISASTER SHOCKS ON CHINA'S ENERGY-ENVIRONMENT-ECONOMY SYSTEM",2019,"JOURNAL OF CLEANER PRODUCTION","B","A"
"MODEL-FREE OFFLINE CHANGE-POINT DETECTION IN MULTIDIMENSIONAL TIME SERIES OF ARBITRARY NATURE VIA Ε-COMPLEXITY: SIMULATIONS AND APPLICATIONS",2018,"APPLIED STOCHASTIC MODELS IN BUSINESS AND INDUSTRY","B","A"
"THE WEATHER AND MACROECONOMIC DETERMINANTS OF WHALE-WATCHING TOURISM: A MARKOV REGIME-SWITCHING ANALYSIS",2019,"CURRENT ISSUES IN TOURISM","B","A"
"A PIECEWISE LINEAR MODEL OF CREDIT TRAPS AND CREDIT CYCLES: A COMPLETE CHARACTERIZATION",2018,"DECISIONS IN ECONOMICS AND FINANCE","B","A"
"PRICING VULNERABLE OPTIONS UNDER A MARKOV-MODULATED JUMP-DIFFUSION MODEL WITH FIRE SALES",2019,"JOURNAL OF INDUSTRIAL AND MANAGEMENT OPTIMIZATION","B","A"
"NEXUS BETWEEN CLEAN ENERGY CONSUMPTION, ECONOMIC GROWTH AND CO2 EMISSIONS",2018,"JOURNAL OF CLEANER PRODUCTION","B","A"
"RENEWABLE ENERGY CONSUMPTION, URBANIZATION, FINANCIAL DEVELOPMENT, INCOME AND CO2 EMISSIONS IN TURKEY: TESTING EKC HYPOTHESIS WITH STRUCTURAL BREAKS",2018,"JOURNAL OF CLEANER PRODUCTION","B","A"
"INTERNATIONAL TOURISM DEMAND IN ASIA: BEFORE AND AFTER THE ECONOMIC CRISIS",2018,"ASIA PACIFIC JOURNAL OF TOURISM RESEARCH","B","A"
"BREXIT AND FOREIGN INVESTMENT IN THE UK",2019,"JOURNAL OF THE ROYAL STATISTICAL SOCIETY SERIES A-STATISTICS IN SOCIETY","B","A"
"NATURAL RESOURCES AS BLESSINGS AND FINANCE-GROWTH NEXUS: A BOOTSTRAP ARDL APPROACH IN AN EMERGING ECONOMY",2019,"RESOURCES POLICY","B","A"
"TIME-VARYING CO-MOVEMENT OF THE PRICES OF THREE METALS AND OIL: EVIDENCE FROM RECURSIVE COINTEGRATION",2018,"RESOURCES POLICY","B","A"
"DO THE TIME SERIES STATISTICAL PROPERTIES INFLUENCE THE GOODNESS OF FIT OF GRNN MODELS? STUDY ON FINANCIAL SERIES",2018,"APPLIED STOCHASTIC MODELS IN BUSINESS AND INDUSTRY","B","A"
"NATURAL AND ANTHROPOGENIC INFLUENCES ON THE SPATIOTEMPORAL CHANGE OF DEGRADED MEADOWS IN SOUTHERN QINGHAI PROVINCE, WEST CHINA: 1976-2015",2018,"APPLIED GEOGRAPHY","B","A"
"REAL-TIME FEATURE SELECTION TECHNIQUE WITH CONCEPT DRIFT DETECTION USING ADAPTIVE MICRO-CLUSTERS FOR DATA STREAM MINING",2018,"KNOWLEDGE-BASED SYSTEMS","B","A"
"STRUCTURAL BREAK DETECTION IN FINANCIAL DURATIONS",2018,"APPLIED STOCHASTIC MODELS IN BUSINESS AND INDUSTRY","B","A"
"FINANCIAL DEVELOPMENT AND ENVIRONMENTAL DEGRADATION: DOES POLITICAL REGIME MATTER?",2018,"JOURNAL OF CLEANER PRODUCTION","B","A"
"UNCERTAINTY, ECONOMIC GROWTH ITS IMPACT ON TOURISM, SOME COUNTRY EXPERIENCES",2019,"ASIA PACIFIC JOURNAL OF TOURISM RESEARCH","B","A"
"REGIONAL CONVERGENCE AND STRUCTURAL CHANGE IN US HOUSING MARKETS",2019,"REGIONAL STUDIES REGIONAL SCIENCE","B","A"
"HOUSE PRICES AND UNEMPLOYMENT: AN EMPIRICAL ANALYSIS OF CAUSALITY",2019,"INTERNATIONAL JOURNAL OF HOUSING MARKETS AND ANALYSIS","B","A"
"UNSPECIFIED DISTRIBUTIONS IN SINGLE DISORDER PROBLEM",2018,"APPLIED STOCHASTIC MODELS IN BUSINESS AND INDUSTRY","B","A"
"REVISITING THE PREBISCH-SINGER HYPOTHESIS OF A SECULAR DECLINE IN THE TERMS OF TRADE OF PRIMARY COMMODITIES (1900-2016). A DYNAMIC REGIME APPROACH",2018,"RESOURCES POLICY","B","A"
"LOCAL TOURISM CYCLE AND EXTERNAL BUSINESS CYCLE",2018,"ANNALS OF TOURISM RESEARCH","B","A"
"SPREAD AND BASKET OPTION PRICING IN A MARKOV-MODULATED LEVY FRAMEWORK WITH SYNCHRONOUS JUMPS",2018,"APPLIED STOCHASTIC MODELS IN BUSINESS AND INDUSTRY","B","A"
"CO2 EMISSIONS, ECONOMIC GROWTH, AND THE ENVIRONMENTAL KUZNETS CURVE IN CHINA: WHAT ROLES CAN NUCLEAR ENERGY AND RENEWABLE ENERGY PLAY?",2018,"JOURNAL OF CLEANER PRODUCTION","B","A"
"THE APPLICATION OF WAVELET ANALYSIS IN FINANCIAL MULTIPLE CHANGE POINTS TIME SERIES",2018,"2018 5TH INTERNATIONAL CONFERENCE ON INDUSTRIAL ECONOMICS SYSTEM AND INDUSTRIAL SECURITY ENGINEERING (IEIS 2018)","B","A"
"CHANGE POINTS IN HEAVY-TAILED MULTIVARIATE TIME SERIES: METHODS USING PRECISION MATRICES",2019,"APPLIED STOCHASTIC MODELS IN BUSINESS AND INDUSTRY","B","A"
"MODELLING ELECTRICITY SPOT PRICES WITH A THREE-REGIME MARKOV MODEL",2017,"2017 IEEE INTERNATIONAL CONFERENCE ON INDUSTRIAL ENGINEERING AND ENGINEERING MANAGEMENT (IEEM)","B","A"
"IDENTIFICATION AND DATING OF ""BUBBLES"" ON FINANCIAL MARKETS: COMPARISON OF POSTERIOR ALGORITHMS AND MONITORING ALGORITHMS",2017,"2017 TENTH INTERNATIONAL CONFERENCE MANAGEMENT OF LARGE-SCALE SYSTEM DEVELOPMENT (MLSD)","B","A"
"STRUCTURAL BREAKS IN EMISSION ALLOWANCE PRICES",2017,"2017 14TH INTERNATIONAL CONFERENCE ON THE EUROPEAN ENERGY MARKET (EEM 17)","B","A"
"RENMINBI EXCHANGE RATE AND CAPITAL FLOWS INTERACTIONS IN CHINA",2017,"PERTANIKA JOURNAL OF SOCIAL SCIENCE AND HUMANITIES","B","A"
"PRICING CREDIT DERIVATIVES UNDER A CORRELATED REGIME-SWITCHING HAZARD PROCESSES MODEL",2017,"JOURNAL OF INDUSTRIAL AND MANAGEMENT OPTIMIZATION","B","A"
"SECULAR DECLINE IN PROFIT RATES: TIME SERIES ANALYSIS OF A CLASSICAL HYPOTHESIS",2018,"EUROPEAN JOURNAL OF COMPARATIVE ECONOMICS","B","A"
"CAN ECONOMIC POLICY UNCERTAINTY AND INVESTORS SENTIMENT PREDICT COMMODITIES RETURNS AND VOLATILITY?",2017,"RESOURCES POLICY","B","A"
"PRICE RELATIONSHIPS BETWEEN CRUDE OIL AND TRANSPORT FUELS IN THE EUROPEAN UNION BEFORE AND AFTER THE 2008 FINANCIAL CRISIS",2017,"UTILITIES POLICY","B","A"
"SHORT-TERM FORECAST OF CONTAINER THROUGHOUT: AN ARIMA-INTERVENTION MODEL FOR THE PORT OF ANTWERP",2017,"MARITIME ECONOMICS & LOGISTICS","B","A"
"ALGORITHMS FOR DETECTING AND DATING THE FINANCIAL BUBBLES IN REAL TIME",2017,"2017 TENTH INTERNATIONAL CONFERENCE MANAGEMENT OF LARGE-SCALE SYSTEM DEVELOPMENT (MLSD)","B","A"
"TOURISM FORECASTING PERFORMANCE CONSIDERING THE INSTABILITY OF DEMAND ELASTICITIES",2017,"JOURNAL OF TRAVEL RESEARCH","B","A"
"BANKING LIQUIDITY AND STOCK MARKET PRICES IN THREE COUNTRIES IN ASEAN",2017,"PERTANIKA JOURNAL OF SOCIAL SCIENCE AND HUMANITIES","B","A"
"THE RENEGOTIATION WINDOW: RESOURCE CONTRACT RENEGOTIATIONS IN THE MINING INDUSTRY IN AFRICA FROM 2000 TO 2013",2017,"RESOURCES POLICY","B","A"
"EXPLORING THE EFFECTS OF TOURISM AND ECONOMIC GROWTH IN FIJI: ACCOUNTING FOR CAPITAL, LABOR, AND STRUCTURAL BREAKS",2018,"TOURISM ANALYSIS","B","A"
"A CLASS OF NONZERO-SUM INVESTMENT AND REINSURANCE GAMES SUBJECT TO SYSTEMATIC RISKS",2017,"SCANDINAVIAN ACTUARIAL JOURNAL","B","A"
"DYNAMIC FINANCIAL DISTRESS PREDICTION WITH CONCEPT DRIFT BASED ON TIME WEIGHTING COMBINED WITH ADABOOST SUPPORT VECTOR MACHINE ENSEMBLE",2017,"KNOWLEDGE-BASED SYSTEMS","B","A"
"IS NATURAL RESOURCE ABUNDANCE A STIMULUS FOR FINANCIAL DEVELOPMENT IN THE USA?",2018,"RESOURCES POLICY","B","A"
"VOLATILITY FORECASTING VIA SVR-GARCH WITH MIXTURE OF GAUSSIAN KERNELS",2017,"COMPUTATIONAL MANAGEMENT SCIENCE","B","A"
"A GENERALIZED REGIME-SWITCHING INTEGER-VALUED GARCH(1, 1) MODEL AND ITS VOLATILITY FORECASTING",2018,"COMMUNICATIONS FOR STATISTICAL APPLICATIONS AND METHODS","B","A"
"INTERNATIONAL FISHERIES AGREEMENTS WITH A SHIFTING STOCK",2017,"DYNAMIC GAMES AND APPLICATIONS","B","A"
"FOURIER METHODS FOR ANALYZING PIECEWISE CONSTANT VOLATILITIES",2017,"ASTA-ADVANCES IN STATISTICAL ANALYSIS","B","A"
"MACRO EXPLANATORY FACTORS OF TURKISH TOURISM COMPANIES' STOCK RETURNS",2017,"ASIA PACIFIC JOURNAL OF TOURISM RESEARCH","B","A"
"VARIANCE SWAPS UNDER THE THRESHOLD ORNSTEIN-UHLENBECK MODEL",2017,"APPLIED STOCHASTIC MODELS IN BUSINESS AND INDUSTRY","B","A"
"INVESTIGATION OF POLLUTION HAVEN HYPOTHESIS FOR CHINA: AN ARDL APPROACH WITH BREAKPOINT UNIT ROOT TESTS",2017,"JOURNAL OF CLEANER PRODUCTION","B","A"
"GAS STORAGE VALUATION WITH REGIME SWITCHING",2016,"ENERGY SYSTEMS-OPTIMIZATION MODELING SIMULATION AND ECONOMIC ASPECTS","B","A"
"ANALYSIS OF STRUCTURAL CHANGES IN CONTAINER SHIPPING",2016,"MARITIME ECONOMICS & LOGISTICS","B","A"
"LAND DEGRADATION, ECONOMIC GROWTH AND STRUCTURAL CHANGE: EVIDENCES FROM ITALY",2016,"ENVIRONMENT DEVELOPMENT AND SUSTAINABILITY","B","A"
"ECONOMIC CRISIS AND TOURISM COMPETITIVENESS IN SPAIN: PERMANENT EFFECTS OR TRANSITORY SHOCKS?",2016,"CURRENT ISSUES IN TOURISM","B","A"
"EVALUATION OF ON-LINE TRADING SYSTEMS: MARKOV-SWITCHING VS TIME-VARYING PARAMETER MODELS",2017,"DECISION SUPPORT SYSTEMS","B","A"
"THE BANK OF JAPAN'S MONETARY POLICY LACKS A STRONG DRIVING FORCE FOR BUILDING INFLATION EXPECTATIONS A PROPOSAL FOR THE ACHIEVEMENT OF LABOR-MANAGEMENT AGREEMENT ON INFLATION TARGET OF 2% AND BASE WAGE INCREASES OF 2%",2016,"ASIA-PACIFIC REVIEW","B","A"
"A REVISIT TO HOW LINKAGES FUEL DEPENDENT ECONOMIC POLICY INITIATIVES EMPIRICAL EVIDENCE FROM US AND BRIC FINANCIAL STRESS INDICES",2017,"INTERNATIONAL JOURNAL OF LAW AND MANAGEMENT","B","A"
"MODELLING AND FORECASTING INFLATION IN EGYPT: UNIVARIATE AND MULTIVARIATE APPROACHES",2017,"MIDDLE EAST DEVELOPMENT JOURNAL","B","A"
"FINANCIAL RISK ASSESSMENT OF A LARGE CONSTRUCTION PROJECT",2017,"SUSTAINABLE ECONOMIC GROWTH, EDUCATION EXCELLENCE, AND INNOVATION MANAGEMENT THROUGH VISION 2020, VOLS I-VII","B","A"
"MARKET POWER AND PRICE ASYMMETRY IN FARM-RETAIL TRANSMISSION IN THE TURKISH MEAT MARKET",2017,"NEW MEDIT","B","A"
"MULTI-PERIOD MEAN VARIANCE PORTFOLIO SELECTION UNDER INCOMPLETE INFORMATION",2016,"APPLIED STOCHASTIC MODELS IN BUSINESS AND INDUSTRY","B","A"
"TESTING UNIT ROOTS, STRUCTURAL BREAKS AND LINEARITY IN THE INFLATION RATES OF THE G7 COUNTRIES WITH FRACTIONAL DEPENDENCE TECHNIQUES",2016,"APPLIED STOCHASTIC MODELS IN BUSINESS AND INDUSTRY","B","A"
"MODEL SELECTION OF A SWITCHING MECHANISM FOR FINANCIAL TIME SERIES",2016,"APPLIED STOCHASTIC MODELS IN BUSINESS AND INDUSTRY","B","A"
"MULTIVARIATE WISHART STOCHASTIC VOLATILITY AND CHANGES IN REGIME",2016,"ASTA-ADVANCES IN STATISTICAL ANALYSIS","B","A"
"IS GOLD AN INFLATION-HEDGE? EVIDENCE FROM AN INTERRUPTED MARKOV-SWITCHING COINTEGRATION MODEL",2016,"RESOURCES POLICY","B","A"
"RESIDENTIAL PROPERTY PRICE-STOCK PRICE NEXUS IN HONG KONG: NEW EVIDENCE FROM ARDL BOUNDS TEST",2017,"INTERNATIONAL JOURNAL OF HOUSING MARKETS AND ANALYSIS","B","A"
"FARM AND LENDER STRUCTURAL CHANGE: IMPLICATIONS FOR FEDERAL CREDIT",2017,"AGRICULTURAL FINANCE REVIEW","B","A"
"COMMUNITY RESILIENCE TO LONG-TERM TOURISM DECLINE AND REJUVENATION: A LITERATURE REVIEW AND CONCEPTUAL MODEL",2016,"CURRENT ISSUES IN TOURISM","B","A"
"INTERTEMPORAL RISK-RETURN RELATIONSHIP IN BRIC EQUITY MARKETS AFTER THE US FINANCIAL CRISIS",2017,"INTERNATIONAL JOURNAL OF LAW AND MANAGEMENT","B","A"
"PRICING ASIAN OPTIONS OF DISCRETELY MONITORED GEOMETRIC AVERAGE IN THE REGIME-SWITCHING MODEL",2016,"APPLIED STOCHASTIC MODELS IN BUSINESS AND INDUSTRY","B","A"
"HOW LINKAGES FUEL DEPENDENT ECONOMIC POLICY INITIATIVES EMPIRICAL EVIDENCE FROM US AND INDIAN FINANCIAL STRESS INDICES",2017,"INTERNATIONAL JOURNAL OF LAW AND MANAGEMENT","B","A"
"THE TIMING OF THE POPPING: USING THE LOG-PERIODIC POWER LAW MODEL TO PREDICT THE BURSTING OF BUBBLES ON FINANCIAL MARKETS",2016,"FINANCIAL HISTORY REVIEW","B","A"
"RELATIONSHIP BETWEEN STOCK MARKET OF UK AND MENA: WAVELET TRANSFORM AND MS-VECM MODEL",2015,"2ND INTERNATIONAL SYMPOSIUM ISTMET 2015 TECHNOLOGY MANAGEMENT & EMERGING TECHNOLOGIES","B","A"
"ASSESSING THE EFFECTS OF CLIMATE CHANGE POLICY ON THE VOLATILITY OF CARBON PRICES IN REFERENCE TO THE GREAT RECESSION",2016,"JOURNAL OF ENVIRONMENTAL ECONOMICS AND POLICY","B","A"
"NONSTATIONARY-VOLATILITY ROBUST PANEL UNIT ROOT TESTS AND THE GREAT MODERATION",2015,"ASTA-ADVANCES IN STATISTICAL ANALYSIS","B","A"
"ARC LENGTH ASYMPTOTICS FOR MULTIVARIATE TIME SERIES",2015,"APPLIED STOCHASTIC MODELS IN BUSINESS AND INDUSTRY","B","A"
"FORECASTING AGGREGATE RETAIL SALES: THE CASE OF SOUTH AFRICA",2015,"INTERNATIONAL JOURNAL OF PRODUCTION ECONOMICS","B","A"
"FIXED AND RECURSIVE RIGHT-TAILED DICKEY-FULLER TESTS IN THE PRESENCE OF A BREAK UNDER THE NULL",2016,"JOURNAL OF TIME SERIES ECONOMETRICS","B","A"
"ESTIMATION OF RATING CLASSES AND DEFAULT PROBABILITIES IN CREDIT RISK MODELS WITH DEPENDENCIES",2015,"APPLIED STOCHASTIC MODELS IN BUSINESS AND INDUSTRY","B","A"
"ON A MARKOV CHAIN APPROXIMATION METHOD FOR OPTION PRICING WITH REGIME SWITCHING",2016,"JOURNAL OF INDUSTRIAL AND MANAGEMENT OPTIMIZATION","B","A"
"DAIRY COOPERATIVES AT THE CROSSROADS",2015,"BRITISH FOOD JOURNAL","B","A"
"TOURISM-LED GROWTH REVISITED FOR SPAIN: CAUSALITY, BUSINESS CYCLES AND STRUCTURAL BREAKS",2016,"INTERNATIONAL JOURNAL OF TOURISM RESEARCH","B","A"
"IDENTIFYING MULTIPLE STRUCTURAL BREAKS IN EXCHANGE RATE SERIES IN A FINANCE RESEARCH",2015,"PERTANIKA JOURNAL OF SOCIAL SCIENCE AND HUMANITIES","B","A"
"TECHNOLOGY DEVELOPMENT THROUGH KNOWLEDGE ASSIMILATION AND INNOVATION: A EUROPEAN PERSPECTIVE",2015,"JOURNAL OF GLOBAL INFORMATION MANAGEMENT","B","A"
"CARMICHAEL'S ARCTAN TREND: PRECURSOR OF SMOOTH TRANSITION FUNCTIONS",2015,"JOURNAL OF THE HISTORY OF ECONOMIC THOUGHT","B","A"
"MORTALITY REGIMES AND LONGEVITY RISK IN A LIFE ANNUITY PORTFOLIO",2015,"SCANDINAVIAN ACTUARIAL JOURNAL","B","A"
"SLOW GROWTH, SUPPLY SHOCKS AND STRUCTURAL CHANGE: THE GDP OF THE CAPE COLONY IN THE LATE NINETEENTH CENTURY",2015,"ECONOMIC HISTORY OF DEVELOPING REGIONS","B","A"
"DETERMINANTS OF FARM INCOME",2015,"AGRICULTURAL FINANCE REVIEW","B","A"
"PLACE BRANDING AS A STRATEGIC SPATIAL PLANNING INSTRUMENT",2015,"PLACE BRANDING AND PUBLIC DIPLOMACY","B","A"
"PRICING AND HEDGING CATASTROPHE EQUITY PUT OPTIONS UNDER A MARKOV-MODULATED JUMP DIFFUSION MODEL",2015,"JOURNAL OF INDUSTRIAL AND MANAGEMENT OPTIMIZATION","B","A"
"DRIVERS OF TAIWAN'S TOURISM MARKET CYCLE",2015,"JOURNAL OF TRAVEL & TOURISM MARKETING","B","A"
"IS RUSSIA SUFFERING FROM DUTCH DISEASE? COINTEGRATION WITH STRUCTURAL BREAK",2013,"RESOURCES POLICY","B","A"
"IRON ORE SPOT PRICE VOLATILITY AND CHANGE IN FORWARD PRICING MECHANISM",2013,"RESOURCES POLICY","B","A"
"SOVEREIGN WEALTH FUNDS IN THE MUTATION OF GLOBAL FINANCE",2014,"LAW AND FINANCIAL MARKETS REVIEW","B","A"
"MACROECONOMIC CONSEQUENCES OF WAR AND TERRORISM IN LEBANON",2013,"PEACE ECONOMICS PEACE SCIENCE AND PUBLIC POLICY","B","A"
"OPTIMAL INVESTMENT OF AN INSURER WITH REGIME-SWITCHING AND RISK CONSTRAINT",2014,"SCANDINAVIAN ACTUARIAL JOURNAL","B","A"
"MONEY DEMAND IN IRELAND, 1933-2012",2014,"JOURNAL OF THE STATISTICAL AND SOCIAL INQUIRY SOCIETY OF IRELAND","B","A"
"IS TOURISM IN LEBANON SUBJECT TO PERMANENT OR TRANSITORY EXOGENOUS SHOCKS?",2014,"TOURISM ANALYSIS","B","A"
"SPOTING LONG-TERM CHANGES IN VEGETATION OVER SHORT-TERM VARIABILITY",2014,"INTERNATIONAL JOURNAL OF MINING RECLAMATION AND ENVIRONMENT","B","A"
"MONITORING THE MEAN OF MULTIVARIATE FINANCIAL TIME SERIES",2014,"APPLIED STOCHASTIC MODELS IN BUSINESS AND INDUSTRY","B","A"
"DETERMINING THE EFFECTIVENESS OF OPTIMAL TIME-VARYING HEDGE RATIOS FOR CATTLE FEEDERS UNDER MULTIPRODUCT AND SINGLE COMMODITY SETTINGS",2014,"AGRICULTURAL FINANCE REVIEW","B","A"
"THE ROLE OF PHOTOVOLTAICS IN ENERGY TRANSITION - ASSESSING THE PROSPECTS FOR A REGIME SHIFT",2015,"GAIA-ECOLOGICAL PERSPECTIVES FOR SCIENCE AND SOCIETY","B","A"
"ADOPTION OF GENETICALLY MODIFIED CROPS IN SOUTH AFRICA: EFFECTS ON WHOLESALE MAIZE PRICES",2014,"AGREKON","B","A"
"THE REQUIREMENT TO REBUILD US FISH STOCKS: IS IT WORKING?",2014,"MARINE POLICY","B","A"
"TRANSITION VARIABLE SELECTION FOR REGIME SWITCHING RECURRENT REINFORCEMENT LEARNING",2014,"2014 IEEE CONFERENCE ON COMPUTATIONAL INTELLIGENCE FOR FINANCIAL ENGINEERING & ECONOMICS (CIFER)","B","A"
"OPTION PRICING WHEN ASSET RETURNS JUMP INTERRUPTEDLY",2013,"APPLIED STOCHASTIC MODELS IN BUSINESS AND INDUSTRY","B","A"
"A NEW TREE METHOD FOR PRICING FINANCIAL DERIVATIVES IN A REGIME-SWITCHING MEAN-REVERTING MODEL",2012,"NONLINEAR ANALYSIS-REAL WORLD APPLICATIONS","B","A"
"STABILITY OF COOPERATIVE MANAGEMENT OF THE PACIFIC SARDINE FISHERY UNDER CLIMATE VARIABILITY",2013,"MARINE POLICY","B","A"
"TESTING FOR SPECULATIVE BUBBLES IN AGRICULTURAL COMMODITY PRICES: A REGIME SWITCHING APPROACH",2013,"AGRICULTURAL FINANCE REVIEW","B","A"
"REGULATORY INFLUENCE AND THE IMPERATIVE OF INNOVATION IN IDENTITY AND ACCESS MANAGEMENT",2012,"INFORMATION RESOURCES MANAGEMENT JOURNAL","B","A"
"IMPROVING NON-PARAMETRIC OPTION PRICING DURING THE FINANCIAL CRISIS",2012,"2012 IEEE CONFERENCE ON COMPUTATIONAL INTELLIGENCE FOR FINANCIAL ENGINEERING & ECONOMICS (CIFER)","B","A"
"EVENT-BASED URBANIZATION AND THE NEW ORLEANS TOURIST REGIME: A CONCEPTUAL FRAMEWORK FOR UNDERSTANDING STRUCTURAL CHANGE IN US TOURIST CITIES",2012,"JOURNAL OF POLICY RESEARCH IN TOURISM LEISURE AND EVENTS","B","A"
"OPTION-BASED RISK MANAGEMENT OF A BOND PORTFOLIO UNDER REGIME SWITCHING INTEREST RATES",2013,"DECISIONS IN ECONOMICS AND FINANCE","B","A"
"CONSTRUCTION BUSINESS CYCLE ANALYSIS USING THE REGIME SWITCHING MODEL",2012,"JOURNAL OF MANAGEMENT IN ENGINEERING","B","A"
"A COPULA-BASED REGIME-SWITCHING MODEL FOR RAINBOW OPTION PRICING",2012,"2012 FIFTH INTERNATIONAL CONFERENCE ON BUSINESS INTELLIGENCE AND FINANCIAL ENGINEERING (BIFE)","B","A"
"STATE DEPENDENCE IN THE INFLUENCE OF MONETARY POLICY REGIME SHIFTS ON HOSPITALITY INDEX RETURNS",2012,"INTERNATIONAL JOURNAL OF HOSPITALITY MANAGEMENT","B","A"
"ASYMMETRIC RESPONSE OF HOSPITALITY STOCK PRICES TO FED POLICY ACTIONS",2013,"INTERNATIONAL JOURNAL OF HOSPITALITY MANAGEMENT","B","A"
"A COMPARISON BETWEEN THE COTONOU AGREEMENT AND THE EU GENERALIZED SYSTEM OF PREFERENCES THE CASE OF SUGAR",2013,"JOURNAL OF INTERNATIONAL TRADE LAW AND POLICY","B","A"
"IS THERE A MATERIAL KUZNETS CURVE FOR ALUMINIUM? EVIDENCE FROM RICH COUNTRIES",2012,"RESOURCES POLICY","B","A"
"NON-LINEAR TRADEOFF BETWEEN RISK AND RETURN: A REGIME-SWITCHING MULTI-FACTOR FRAMEWORK",2013,"MODELING AND SIMULATION IN ENGINEERING, ECONOMICS, AND MANAGEMENT","B","A"
"CAUSALITY BETWEEN WHOLESALE PRICE AND CONSUMER PRICE INDICES IN INDIA AN EMPIRICAL INVESTIGATION IN THE FREQUENCY DOMAIN",2012,"INDIAN GROWTH AND DEVELOPMENT REVIEW","B","A"
"NETWORK ANALYSIS OF THE E-MID OVERNIGHT MONEY MARKET: THE INFORMATIONAL VALUE OF DIFFERENT AGGREGATION LEVELS FOR INTRINSIC DYNAMIC PROCESSES",2013,"COMPUTATIONAL MANAGEMENT SCIENCE","B","A"
"A NOVEL BUSINESS CYCLE SURVEILLANCE SYSTEM USING THE QUERY LOGS OF SEARCH ENGINES",2012,"KNOWLEDGE-BASED SYSTEMS","B","A"
"ON THE PROBLEM OF SCALE: HAYEK, KOHR, JACOBS AND THE REINVENTION OF THE POLITICAL STATE",2013,"CONSTITUTIONAL POLITICAL ECONOMY","B","A"
"FORECASTING PRECIOUS METAL PRICE MOVEMENTS USING TRADER POSITIONS",2012,"RESOURCES POLICY","B","A"
"STRUCTURAL CHANGE OF UNIT ROOT, EFFICIENCY AND CONTAGION",2010,"2010 2ND IEEE INTERNATIONAL CONFERENCE ON INFORMATION AND FINANCIAL ENGINEERING (ICIFE)","B","A"
"ARE THE TOKYO GRAIN EXCHANGE NON-GENETICALLY MODIFIED ORGANISM (NON-GMO) AND CONVENTIONAL SOYBEAN FUTURES MARKETS INTEGRATED?",2011,"AGRICULTURAL FINANCE REVIEW","B","A"
"FINANCIAL RESOURCES MANAGEMENT - FACTOR OF SUSTAINABLE DEVELOPMENT OF THE NGOS IMPLEMENTING SOCIAL ECONOMY ACTIVITIES",2012,"TRANSYLVANIAN REVIEW OF ADMINISTRATIVE SCIENCES","B","A"
"EXPLORING ECOLOGICAL CHANGES IN COOK INLET BELUGA WHALE HABITAT THOUGH TRADITIONAL AND LOCAL ECOLOGICAL KNOWLEDGE OF CONTRIBUTING FACTORS FOR POPULATION DECLINE",2011,"MARINE POLICY","B","A"
"MODELLING STOCK EXCHANGE INDEX RETURNS IN 12 NEW MEMBER STATES WITH A TREE-BASED APPROACH",2011,"SOR'11 PROCEEDINGS: THE 11TH INTERNATIONAL SYMPOSIUM ON OPERATIONAL RESEARCH IN SLOVENIA","B","A"
"A TIME-VARYING PARAMETER MODEL OF INFLATION IN INDIA",2012,"INDIAN GROWTH AND DEVELOPMENT REVIEW","B","A"
"REGIME-SWITCHING RECURRENT REINFORCEMENT LEARNING FOR INVESTMENT DECISION MAKING",2012,"COMPUTATIONAL MANAGEMENT SCIENCE","B","A"
"IRELAND AND THE GLOBAL FINANCIAL CRISIS: GROWTH, VOLATILITY AND FINANCIAL DEVELOPMENT",2010,"JOURNAL OF THE STATISTICAL AND SOCIAL INQUIRY SOCIETY OF IRELAND","B","A"
"DO EXTERNAL SHOCKS HAVE A PERMANENT OR A TRANSITORY EFFECT ON THAILAND'S TOURISM INDUSTRY?",2011,"TOURISM ANALYSIS","B","A"
"FUTURE AGRIBUSINESS CHALLENGES: STRATEGIC UNCERTAINTY, INNOVATION AND STRUCTURAL CHANGE",2011,"INTERNATIONAL FOOD AND AGRIBUSINESS MANAGEMENT REVIEW","B","A"
"AN EXAMINATION OF HMM-BASED INVESTMENT STRATEGIES FOR ASSET ALLOCATION",2011,"APPLIED STOCHASTIC MODELS IN BUSINESS AND INDUSTRY","B","A"
"BAYESIAN MODELING OF FINANCIAL RETURNS: A RELATIONSHIP BETWEEN VOLATILITY AND TRADING VOLUME",2010,"APPLIED STOCHASTIC MODELS IN BUSINESS AND INDUSTRY","B","A"
"STRUCTURAL ECONOMIC CHANGE IN IRELAND 1957-2006: STATISTICS, CONTEXT AND ANALYSIS",2010,"JOURNAL OF THE STATISTICAL AND SOCIAL INQUIRY SOCIETY OF IRELAND","B","A"
"THE GREAT DRAT ON OF THE SOUTH AFRICAN BUSINESS CYCLE",2010,"ECONOMIC HISTORY OF DEVELOPING REGIONS","B","A"
"DOES HOUSEHOLD WELFARE CHANGE WITH FINANCE ACCESS? THE CASE OF WOMEN AND THE YOUTH IN THE GAMBIA",2025,"REVIEW OF DEVELOPMENT ECONOMICS","A","B"
"A STATIONARY MEAN-FIELD EQUILIBRIUM MODEL OF IRREVERSIBLE INVESTMENT IN A TWO-REGIME ECONOMY",2025,"OPERATIONS RESEARCH","A","B"
"REVISITING HOUSING ASSET PRICING: UNCERTAINTY AND BUSINESS-CYCLE FACTORS IN US STATE-LEVEL HOUSING MARKETS",2025,"ANNALS OF REGIONAL SCIENCE","A","B"
"TIME-VARYING SPILLOVER EFFECTS WITHIN AND BETWEEN INDUSTRIAL METAL MARKETS",2025,"MINERAL ECONOMICS","A","B"
"CAN WE DO WELL, WHILE DOING GOOD? A COMPARISON BETWEEN SUSTAINABLE AND CONVENTIONAL INVESTMENTS",2025,"REVIEW OF DEVELOPMENT ECONOMICS","A","B"
"THE IMPACT OF COLORED NOISE ON THE CIR MODEL",2025,"FINANCIAL TECHNOLOGY, ICFT 2024","A","B"
"A MARKOV SWITCHING APPROACH TO BUSINESS CYCLES IN INDIA",2025,"JOURNAL OF THE ASIA PACIFIC ECONOMY","A","B"
"PREDICTIVE DISTRIBUTIONS AND THE MARKET RETURN: THE ROLE OF MARKET ILLIQUIDITY",2025,"EUROPEAN JOURNAL OF OPERATIONAL RESEARCH","A","B"
"MFIS AND FINANCIAL INCLUSION: THE ROLE OF BUSINESS MODELS",2025,"JOURNAL OF DEVELOPMENT STUDIES","A","B"
"FINANCIAL INCLUSION AND THRESHOLD EFFECTS IN CARBON EMISSIONS",2024,"ENERGY POLICY","A","B"
"BALANCED FUNDS IN INDIA AMID COVID-19 CRISIS: SPREADER OF FINANCIAL CONTAGION?",2024,"IIM KOZHIKODE SOCIETY & MANAGEMENT REVIEW","A","B"
"HYBRID EQUITY SWAP, CAP, AND FLOOR PRICING UNDER STOCHASTIC INTEREST BY MARKOV CHAIN APPROXIMATION",2023,"EUROPEAN JOURNAL OF OPERATIONAL RESEARCH","A","B"
"DYNAMICS OF THE GAS RETAIL MARKET UNDER CHINA?S PRICE CAP REGULATION",2023,"ENERGY POLICY","A","B"
"DO EFFICIENT COMMODITY MARKETS CO-MOVE: EVIDENCE FROM INDIAN BASE METALS MARKET",2023,"MINERAL ECONOMICS","A","B"
"RANDOMIZATION AND THE VALUATION OF GUARANTEED MINIMUM DEATH BENEFITS",2023,"EUROPEAN JOURNAL OF OPERATIONAL RESEARCH","A","B"
"FISCAL POLICY, PUBLIC INVESTMENT AND STRUCTURAL CHANGE: A P-SVAR ANALYSIS ON ITALIAN REGIONS",2024,"REGIONAL STUDIES","A","B"
"INCOME CONVERGENCE OF INDIAN STATES IN THE POST-REFORM PERIOD: EVIDENCE FROM PANEL STATIONARITY TESTS WITH SMOOTH STRUCTURAL BREAKS",2024,"JOURNAL OF THE ASIA PACIFIC ECONOMY","A","B"
"PHASE TRANSITIONS OF THE PRICE-OF-ANARCHY FUNCTION IN MULTI-COMMODITY ROUTING GAMES",2024,"TRANSPORTATION RESEARCH PART B-METHODOLOGICAL","A","B"
"ENDOGENOUS CREDIT, BUSINESS CYCLE, AND PORTFOLIO SELECTION",2024,"OPERATIONS RESEARCH","A","B"
"LOSS FUNCTION-BASED CHANGE POINT DETECTION IN RISK MEASURES",2023,"EUROPEAN JOURNAL OF OPERATIONAL RESEARCH","A","B"
"DISPOSSESSION THROUGH LAND TITLING: LEGAL LOOPHOLES AND SHADOW PROCEDURES TO URBANIZED FORESTLANDS IN THE YUCATAN PENINSULA",2023,"JOURNAL OF AGRARIAN CHANGE","A","B"
"STRUCTURAL CHANGES AND ECONOMIC LANDSCAPE OF THE INDIAN ECONOMY: 2000-2019",2023,"REVIEW OF DEVELOPMENT ECONOMICS","A","B"
"TOWARDS RESOLVING THE PURCHASING POWER PARITY (PPP) 'PUZZLE' IN NEWLY INDUSTRIALIZED COUNTRIES (NIC'S)",2022,"JOURNAL OF INTERNATIONAL TRADE & ECONOMIC DEVELOPMENT","A","B"
"CREDIT MARKET IMPERFECTION AND GOODS MARKET DEREGULATION IN OLG MODEL",2022,"REVIEW OF DEVELOPMENT ECONOMICS","A","B"
"OIL PRICES AND EXCHANGE RATE DYNAMICS: HOW IMPORTANT IS THE ROLE OF ASYMMETRY AND STRUCTURAL BREAKS?",2022,"JOURNAL OF AFRICAN BUSINESS","A","B"
"TIME-VARYING RISK AVERSION AND DYNAMIC PORTFOLIO ALLOCATION",2022,"OPERATIONS RESEARCH","A","B"
"WHETHER TO ABANDON OR CONTINUE THE PETROLEUM PRODUCT PRICE REGULATION IN CHINA?",2022,"ENERGY POLICY","A","B"
"INTERMITTENCY AND THE SOCIAL ROLE OF STORAGE",2022,"ENERGY POLICY","A","B"
"INTEREST RATE VOLATILITY AND MACROECONOMIC DYNAMICS: HETEROGENEITY MATTERS",2020,"REVIEW OF INTERNATIONAL ECONOMICS","A","B"
"ANALYSIS OF THE RELATIONSHIP BETWEEN TRADE OPENNESS, STRUCTURAL CHANGE, AND INCOME INEQUALITY UNDER KUZNETS CURVE HYPOTHESIS: THE CASE OF TURKEY",2020,"JOURNAL OF INTERNATIONAL TRADE & ECONOMIC DEVELOPMENT","A","B"
"OPTION PRICING WITH CONDITIONAL GARCH MODELS",2021,"EUROPEAN JOURNAL OF OPERATIONAL RESEARCH","A","B"
"LOCAL GAUSSIAN CORRELATIONS IN FINANCIAL AND COMMODITY MARKETS",2020,"EUROPEAN JOURNAL OF OPERATIONAL RESEARCH","A","B"
"ASYMMETRY AND HYSTERESIS IN THE RUSSIAN GASOLINE MARKET: THE RATIONALE FOR GREEN ENERGY EXPORTS",2021,"ENERGY POLICY","A","B"
"REGIME CLASSIFICATION AND STOCK LOAN VALUATION",2020,"OPERATIONS RESEARCH","A","B"
"STRUCTURAL CHANGE AND GLOBAL TRADE FLOWS: DOES AN EMERGING GIANT MATTER?",2020,"REVIEW OF INTERNATIONAL ECONOMICS","A","B"
"DOES TRADE ELASTICITY VARY ACROSS REGIMES? NEW EVIDENCE FROM KOREAN EXPORTS, INCORPORATING REGIME CHANGES*",2020,"ASIAN ECONOMIC JOURNAL","A","B"
"THE EFFECTS OF EXTERNAL SHOCKS ON THE BUSINESS CYCLE IN CHINA: A STRUCTURAL CHANGE PERSPECTIVE",2021,"REVIEW OF INTERNATIONAL ECONOMICS","A","B"
"REGIONAL ECONOMIC RESILIENCE IN CHINA: MEASUREMENT AND DETERMINANTS",2021,"REGIONAL STUDIES","A","B"
"THE EFFECTS OF PETROLEUM PRODUCT PRICE REGULATION ON MACROECONOMIC STABILITY IN CHINA",2019,"ENERGY POLICY","A","B"
"CLASSIFYING AND MODELING NONLINEARITY IN COMMODITY PRICES USING INCOTERMS",2019,"JOURNAL OF INTERNATIONAL TRADE & ECONOMIC DEVELOPMENT","A","B"
"CHANGES TO GATE CLOSURE AND ITS IMPACT ON WHOLESALE ELECTRICITY PRICES: THE CASE OF THE UK",2019,"ENERGY POLICY","A","B"
"REMOTE SENSING TECHNIQUES IN DISASTER MANAGEMENT: AMYNTEON MINE LANDSLIDES, GREECE",2018,"GEOINFORMATION FOR DISASTER MANAGEMENT, VOL XLII-3/W4","A","B"
"DOES INTRA-REGIONAL TRADE MATTER IN REGIONAL STOCK MARKETS? NEW EVIDENCE FROM THE ASIA-PACIFIC REGION",2019,"ASIAN ECONOMIC JOURNAL","A","B"
"DOMESTIC R&D ACTIVITIES, TECHNOLOGY ABSORPTION ABILITY, AND ENERGY INTENSITY IN CHINA",2020,"ENERGY POLICY","A","B"
"CURRENT ACCOUNT SUSTAINABILITY IN G7 AND BRICS: EVIDENCE FROM A LONG-MEMORY MODEL WITH STRUCTURAL BREAKS",2018,"JOURNAL OF INTERNATIONAL TRADE & ECONOMIC DEVELOPMENT","A","B"
"IDENTIFYING MACRO-DETERMINANTS OF REMITTANCE FLOWS TO A DEVELOPING COUNTRY: THE CASE OF UGANDA",2019,"JOURNAL OF INTERNATIONAL TRADE & ECONOMIC DEVELOPMENT","A","B"
"COPPER PRICE DETERMINATION: FUNDAMENTALS VERSUS NON-FUNDAMENTALS",2018,"MINERAL ECONOMICS","A","B"
"SMOOTH BREAKS AND NONLINEAR MEAN REVERSION IN REAL INTEREST PARITY: EVIDENCE FROM EAST ASIAN COUNTRIES",2019,"JOURNAL OF INTERNATIONAL TRADE & ECONOMIC DEVELOPMENT","A","B"
"REGIME SWITCHING EFFECT OF FINANCIAL DEVELOPMENT ON ENERGY INTENSITY: EVIDENCE FROM MARKOV-SWITCHING VECTOR ERROR CORRECTION MODEL",2019,"ENERGY POLICY","A","B"
"DRIVERS OF ELECTRICITY PRICE DYNAMICS: COMPARATIVE ANALYSIS OF SPOT AND FUTURES MARKETS",2019,"ENERGY POLICY","A","B"
"THE IMPACT OF EXTERNAL SOVEREIGN DEBT AND THE TRANSMISSION EFFECT OF THE US INTEREST RATE ON TURKEY'S EQUITY MARKET",2020,"JOURNAL OF INTERNATIONAL TRADE & ECONOMIC DEVELOPMENT","A","B"
"FORECASTING RETAILER PRODUCT SALES IN THE PRESENCE OF STRUCTURAL CHANGE",2019,"EUROPEAN JOURNAL OF OPERATIONAL RESEARCH","A","B"
"REGIME DEPENDENT VOLATILITIES AND CORRELATION IN INTERNATIONAL SECURITIZED REAL ESTATE MARKETS",2018,"EMPIRICA","A","B"
"ELECTRICITY MARKET DEREGULATION IN SINGAPORE - INITIAL ASSESSMENT OF WHOLESALE PRICES",2019,"ENERGY POLICY","A","B"
"AGRICULTURAL PRODUCTIVITY, THE REAL EFFECTIVE EXCHANGE RATE, AND STRUCTURAL CHANGE: SOME EVIDENCE FROM AFRICA",2020,"REVIEW OF DEVELOPMENT ECONOMICS","A","B"
"FUTURE OF CROSS-BORDER PIPELINE PROJECTS IN AMLO'S MEXICO: WHAT'S THE RISK?",2020,"JOURNAL OF WORLD ENERGY LAW & BUSINESS","A","B"
"INFORMAL ONE-SIDED TARGET ZONE MODEL AND THE SWISS FRANC",2018,"REVIEW OF INTERNATIONAL ECONOMICS","A","B"
"FORECASTING THE ECONOMIC STATE OF A BANK ON THE BASIS OF BANKRUPTCY INDICATOR",2019,"PERSPECTIVES ON THE USE OF NEW INFORMATION AND COMMUNICATION TECHNOLOGY (ICT) IN THE MODERN ECONOMY","A","B"
"INTERDEPENDENCE OF MAJOR EXCHANGE RATES IN GHANA: A WAVELET COHERENCE ANALYSIS",2019,"JOURNAL OF AFRICAN BUSINESS","A","B"
"AN HISTORICAL WEALTH ASSESSMENT - MEASURING THE SWEDISH NATIONAL WEALTH FOR THE NINETEENTH AND TWENTIETH CENTURIES",2016,"SCANDINAVIAN ECONOMIC HISTORY REVIEW","A","B"
"INFLATION AND OUTPUT GROWTH DYNAMICS IN SOUTH AFRICA: EVIDENCE FROM THE MARKOV SWITCHING VECTOR AUTOREGRESSIVE MODEL",2018,"JOURNAL OF AFRICAN BUSINESS","A","B"
"PSYCHOLOGICAL CONTRACT BREACH IN THE ANTICIPATORY STAGE OF CHANGE: EMPLOYEE RESPONSES AND THE MODERATING ROLE OF SUPERVISORY INFORMATIONAL JUSTICE",2017,"JOURNAL OF APPLIED BEHAVIORAL SCIENCE","A","B"
"THE FELDSTEIN-HORIOKA PUZZLE IN THE PRESENCE OF STRUCTURAL BREAKS: EVIDENCE FROM CHINA",2018,"JOURNAL OF THE ASIA PACIFIC ECONOMY","A","B"
"AN ANALYSIS OF IRON ORE PRICES DURING THE LATEST COMMODITY BOOM",2018,"MINERAL ECONOMICS","A","B"
"EFFECTS OF MONETARY POLICY DURING FINANCIAL MARKET CRISES AND REGIME CHANGES: AN EMPIRICAL EVALUATION USING A NONLINEAR VECTOR AUTOREGRESSION MODEL",2018,"ASIAN ECONOMIC JOURNAL","A","B"
"INFLATION TARGETING FRAMEWORK AND INTEREST RATES TRANSMISSION IN GHANA: AN EMPIRICAL INVESTIGATION",2017,"JOURNAL OF AFRICAN BUSINESS","A","B"
"THAI INFLATION DYNAMICS IN A GLOBALIZED ECONOMY",2018,"JOURNAL OF THE ASIA PACIFIC ECONOMY","A","B"
"INDUSTRIAL AND RESIDENTIAL ELECTRICITY DEMAND DYNAMICS IN JAPAN: HOW DID PRICE AND INCOME ELASTICITIES EVOLVE FROM 1989 TO 2014?",2017,"ENERGY POLICY","A","B"
"EXCHANGE RATE FLEXIBILITY IN CHINA: MEASUREMENT, REGIME SHIFTS AND DRIVING FORCES OF CHANGE",2016,"REVIEW OF INTERNATIONAL ECONOMICS","A","B"
"A TRACTABLE INTEREST RATE MODEL WITH EXPLICIT MONETARY POLICY RATES",2016,"EUROPEAN JOURNAL OF OPERATIONAL RESEARCH","A","B"
"THE UNDERSTANDING OF DEPENDENT STRUCTURE AND CO-MOVEMENT OF WORLD STOCK EXCHANGES UNDER THE ECONOMIC CYCLE",2018,"PREDICTIVE ECONOMETRICS AND BIG DATA","A","B"
"VERIFYING TIME INCONSISTENCY OF THE ECB MONETARY POLICY BY MEANS OF A REGIME-SWITCHING APPROACH",2017,"EMPIRICA","A","B"
"CO2 EMISSION AND ECONOMIC GROWTH IN ALGERIA",2016,"ENERGY POLICY","A","B"
"PLANNING FOR AGRICULTURAL CHANGE AND ECONOMIC TRANSFORMATION IN TANZANIA?",2016,"JOURNAL OF AGRARIAN CHANGE","A","B"
"ESTIMATING STOCHASTIC DISCOUNT FACTOR MODELS WITH HIDDEN REGIMES: APPLICATIONS TO COMMODITY PRICING",2018,"EUROPEAN JOURNAL OF OPERATIONAL RESEARCH","A","B"
"FORECASTING OF VAR IN EXTREME EVENT UNDER ECONOMIC CYCLE PHENOMENA FOR THE ASEAN-4 STOCK EXCHANGE",2018,"PREDICTIVE ECONOMETRICS AND BIG DATA","A","B"
"THE ROLE OF OIL PRICE IN THE FORECASTS OF AGRICULTURAL COMMODITY PRICES",2018,"PREDICTIVE ECONOMETRICS AND BIG DATA","A","B"
"A GENERAL FRAMEWORK FOR DISCRETELY SAMPLED REALIZED VARIANCE DERIVATIVES IN STOCHASTIC VOLATILITY MODELS WITH JUMPS",2017,"EUROPEAN JOURNAL OF OPERATIONAL RESEARCH","A","B"
"ON THE CHANGING STRUCTURE AMONG CHINESE EQUITY MARKETS: HONG KONG, SHANGHAI, AND SHENZHEN",2018,"EUROPEAN JOURNAL OF OPERATIONAL RESEARCH","A","B"
"MODELING STRATEGIC INVESTMENT DECISIONS IN SPATIAL MARKETS",2017,"EUROPEAN JOURNAL OF OPERATIONAL RESEARCH","A","B"
"COINTEGRATION IN CHINA'S LOG IMPORT DEMAND: PRICE ENDOGENEITY AND STRUCTURAL CHANGE",2017,"JOURNAL OF FOREST ECONOMICS","A","B"
"IS THE DEMAND FOR CRUDE OIL INELASTIC FOR INDIA? EVIDENCE FROM STRUCTURAL VAR; ANALYSIS",2018,"ENERGY POLICY","A","B"
"UNCOVERED INTEREST PARITY IN CENTRAL AND EASTERN EUROPE: EXPECTATIONS AND STRUCTURAL BREAKS",2017,"REVIEW OF INTERNATIONAL ECONOMICS","A","B"
"THE STABILITY OF SURVIVAL MODEL PARAMETER ESTIMATES FOR PREDICTING THE PROBABILITY OF DEFAULT: EMPIRICAL EVIDENCE OVER THE CREDIT CRISIS",2016,"EUROPEAN JOURNAL OF OPERATIONAL RESEARCH","A","B"
"MEAN REVERSION OF INFLATION RATES IN SEVEN EASTERN EUROPEAN COUNTRIES: AN APPLICATION OF A FOURIER QUANTILE UNIT ROOT TEST",2018,"JOURNAL OF INTERNATIONAL TRADE & ECONOMIC DEVELOPMENT","A","B"
"CAPITAL FLOWS AND ECONOMIC GROWTH IN GHANA",2016,"JOURNAL OF AFRICAN BUSINESS","A","B"
"SAFE-HAVEN CURRENCY: AN EMPIRICAL IDENTIFICATION",2017,"REVIEW OF INTERNATIONAL ECONOMICS","A","B"
"IMPROVED FORECAST ABILITY OF OIL MARKET VOLATILITY BASED ON COMBINED MARKOV SWITCHING AND GARCH-CLASS MODEL",2017,"5TH INTERNATIONAL CONFERENCE ON INFORMATION TECHNOLOGY AND QUANTITATIVE MANAGEMENT, ITQM 2017","A","B"
"THE FELDSTEIN-HORIOKA PUZZLE IN SOUTH AFRICA: A FRACTIONAL COINTEGRATION APPROACH",2016,"JOURNAL OF INTERNATIONAL TRADE & ECONOMIC DEVELOPMENT","A","B"
"THE TIME-VARYING RELATIONSHIP BETWEEN MORTALITY AND BUSINESS CYCLES IN THE USA",2017,"HEALTH ECONOMICS","A","B"
"THE IMPACT OF THE NORTH AMERICAN SHALE GAS REVOLUTION ON REGIONAL NATURAL GAS MARKETS: EVIDENCE FROM THE REGIME-SWITCHING MODEL",2016,"ENERGY POLICY","A","B"
"COMPARISON OF THE MULTICRITERIA DECISION-MAKING METHODS FOR EQUITY PORTFOLIO SELECTION: THE US EVIDENCE",2018,"EUROPEAN JOURNAL OF OPERATIONAL RESEARCH","A","B"
"TESTING THE MARTINGALE DIFFERENCE HYPOTHESIS (MDH) WITH STRUCTURAL BREAKS: EVIDENCE FROM FOREIGN EXCHANGES OF NIGERIA AND SOUTH AFRICA",2016,"JOURNAL OF AFRICAN BUSINESS","A","B"
"EXPLICIT COMPUTATIONS FOR SOME MARKOV MODULATED COUNTING PROCESSES",2016,"ADVANCED MODELLING IN MATHEMATICAL FINANCE: IN HONOUR OF ERNST EBERLEIN","A","B"
"INVESTMENT-CONSUMPTION WITH REGIME-SWITCHING DISCOUNT RATES",2014,"MATHEMATICAL SOCIAL SCIENCES","A","B"
"STRUCTURAL CHANGE IN THE EXTERNAL BALANCES RESPONSE TO MACROECONOMIC POLICIES: PERSPECTIVE FROM A TWO-SECTOR NEW OPEN ECONOMY MACROECONOMIC MODEL",2013,"REVIEW OF INTERNATIONAL ECONOMICS","A","B"
"THE EFFECTS OF FINANCIAL DEVELOPMENT, ECONOMIC GROWTH, COAL CONSUMPTION AND TRADE OPENNESS ON CO2 EMISSIONS IN SOUTH AFRICA",2013,"ENERGY POLICY","A","B"
"TESTING THE RATIONALITY OF DOE'S ENERGY PRICE FORECASTS UNDER ASYMMETRIC LOSS PREFERENCES",2014,"ENERGY POLICY","A","B"
"CARBON EMISSIONS, ENERGY CONSUMPTION AND OUTPUT: A THRESHOLD ANALYSIS ON THE CAUSAL DYNAMICS IN EMERGING AFRICAN ECONOMIES",2014,"ENERGY POLICY","A","B"
"THE SUSTAINABILITY OF EUROPEAN EXTERNAL DEBT: WHAT HAVE WE LEARNED?",2015,"REVIEW OF INTERNATIONAL ECONOMICS","A","B"
"DYNAMIC ASSET ALLOCATION FOR VARIED FINANCIAL MARKETS UNDER REGIME SWITCHING FRAMEWORK",2014,"EUROPEAN JOURNAL OF OPERATIONAL RESEARCH","A","B"
"CURRENT ACCOUNT REVERSALS AND STRUCTURAL CHANGE IN DEVELOPING AND INDUSTRIALIZED COUNTRIES",2015,"JOURNAL OF INTERNATIONAL TRADE & ECONOMIC DEVELOPMENT","A","B"
"PRODUCTIVITY, STRUCTURAL CHANGE AND LATIN AMERICAN DEVELOPMENT",2014,"REVIEW OF DEVELOPMENT ECONOMICS","A","B"
"ESTIMATING OPEN ECONOMY NEW KEYNESIAN PHILLIPS CURVE FOR KOREA",2014,"ASIAN ECONOMIC JOURNAL","A","B"
"HOUSING-BUBBLE VULNERABILITY AND DIVERSIFICATION OPPORTUNITIES DURING HOUSING BOOM-BUST CYCLES: EVIDENCE FROM DECOMPOSITION OF ASSET PRICE RETURNS",2015,"ANNALS OF REGIONAL SCIENCE","A","B"
"IMPULSE CONTROL OF PENSION FUND CONTRIBUTIONS, IN A REGIME SWITCHING ECONOMY",2014,"EUROPEAN JOURNAL OF OPERATIONAL RESEARCH","A","B"
"MARKET EFFICIENCY IN THE EUROPEAN CARBON MARKETS",2013,"ENERGY POLICY","A","B"
"THE REGIME CHARACTERISTICS OF CHINESE STOCK MARKET INDUSTRY SECTORS",2016,"PROMOTING BUSINESS ANALYTICS AND QUANTITATIVE MANAGEMENT OF TECHNOLOGY: 4TH INTERNATIONAL CONFERENCE ON INFORMATION TECHNOLOGY AND QUANTITATIVE MANAGEMENT (ITQM 2016)","A","B"
"THE CAUSAL LINK BETWEEN ENERGY AND OUTPUT GROWTH: EVIDENCE FROM MARKOV SWITCHING GRANGER CAUSALITY",2013,"ENERGY POLICY","A","B"
"CONTEMPORARY PERCEPTIONS OF THE FIRST WORLD WAR REFLECTED IN THE CAPITAL MARKETS",2015,"SCANDINAVIAN ECONOMIC HISTORY REVIEW","A","B"
"ASSESSING THE REGIONAL BUSINESS CYCLE ASYMMETRY IN A MULTI-LEVEL STRUCTURE FRAMEWORK: A STUDY OF THE TOP 20 US MSAS",2016,"ANNALS OF REGIONAL SCIENCE","A","B"
"ADAPTING A CLASSIFICATION RULE TO LOCAL AND GLOBAL SHIFT WHEN ONLY UNLABELLED DATA ARE AVAILABLE",2015,"EUROPEAN JOURNAL OF OPERATIONAL RESEARCH","A","B"
"A TALE OF SIX STATES: HOW SIMILAR ARE THE GULF COOPERATION COUNCIL COUNTRIES?",2014,"JOURNAL OF INTERNATIONAL TRADE & ECONOMIC DEVELOPMENT","A","B"
"PORTFOLIO OPTIMIZATION IN A REGIME-SWITCHING MARKET WITH DERIVATIVES",2014,"EUROPEAN JOURNAL OF OPERATIONAL RESEARCH","A","B"
"A COMPARISON OF REGIME-SWITCHING TEMPERATURE MODELING APPROACHES FOR APPLICATIONS IN WEATHER DERIVATIVES",2014,"EUROPEAN JOURNAL OF OPERATIONAL RESEARCH","A","B"
"MULTIPLE STRUCTURAL BREAKS AND INFLATION PERSISTENCE: EVIDENCE FROM CHINA",2015,"ASIAN ECONOMIC JOURNAL","A","B"
"TURKEY'S STRATEGIC ENERGY EFFICIENCY PLAN - AN EX ANTE IMPACT ASSESSMENT OF THE RESIDENTIAL SECTOR",2014,"ENERGY POLICY","A","B"
"CLUSTERING FINANCIAL TIME SERIES: NEW INSIGHTS FROM AN EXTENDED HIDDEN MARKOV MODEL",2015,"EUROPEAN JOURNAL OF OPERATIONAL RESEARCH","A","B"
"MODELLING ELECTRICITY DEMAND IN GHANA REVISITED: THE ROLE OF POLICY REGIME CHANGES",2013,"ENERGY POLICY","A","B"
"THE IMPACT OF MONETARY POLICY ON OIL PRICE PERSISTENCE: AN APPLICATION OF THE SMOOTH REGIME-SWITCHING MODEL",2015,"JOURNAL OF INTERNATIONAL TRADE & ECONOMIC DEVELOPMENT","A","B"
"VOLATILITY PERSISTENCE IN CRUDE OIL MARKETS",2014,"ENERGY POLICY","A","B"
"TRUE OR SPURIOUS LONG MEMORY IN VOLATILITY: FURTHER EVIDENCE ON THE ENERGY FUTURES MARKETS",2014,"ENERGY POLICY","A","B"
"ELECTRICITY CONSUMPTION AND ECONOMIC GROWTH IN ALGERIA: A MULTIVARIATE CAUSALITY ANALYSIS IN THE PRESENCE OF STRUCTURAL CHANGE",2013,"ENERGY POLICY","A","B"
"BUSINESS CYCLE SYNCHRONIZATION BETWEEN EURO AREA AND CENTRAL AND EASTERN EUROPEAN COUNTRIES",2013,"REVIEW OF DEVELOPMENT ECONOMICS","A","B"
"STRUCTURAL BREAKS AND THE EQUILIBRIUM CHINESE YUAN/US DOLLAR REAL EXCHANGE RATE: A FEER APPROACH",2011,"REVIEW OF INTERNATIONAL ECONOMICS","A","B"
"MEASURING THE SUBPRIME CRISIS CONTAGION: EVIDENCE OF CHANGE POINT ANALYSIS OF COPULA FUNCTIONS",2012,"EUROPEAN JOURNAL OF OPERATIONAL RESEARCH","A","B"
"GRANGER NON-CAUSALITY TESTS BETWEEN (NON)RENEWABLE ENERGY CONSUMPTION AND OUTPUT IN ITALY SINCE 1861: THE (IR)RELEVANCE OF STRUCTURAL BREAKS",2012,"ENERGY POLICY","A","B"
"PUBLIC CAPITAL, EMPLOYMENT AND TOTAL FACTOR PRODUCTIVITY: EVIDENCE FROM ITALIAN TRANSPORT SECTOR",2012,"INTERNATIONAL JOURNAL OF TRANSPORT ECONOMICS","A","B"
"THE REAL EXCHANGE RATE AND THE BALASSA-SAMUELSON HYPOTHESIS IN SAARC COUNTRIES: AN APPRAISAL",2012,"JOURNAL OF THE ASIA PACIFIC ECONOMY","A","B"
"A REGIME-SWITCHING ANALYSIS OF THE IMPACT OF OIL PRICE CHANGES ON THE ECONOMIES OF U.S. STATES",2011,"REVIEW OF REGIONAL STUDIES","A","B"
"THE CHANGING NATURE OF INFLATION PERSISTENCE IN SWITZERLAND",2010,"EMPIRICA","A","B"
"FINANCIAL DEVELOPMENT AND GROWTH: A CLUSTERING AND CAUSALITY ANALYSIS",2013,"JOURNAL OF INTERNATIONAL TRADE & ECONOMIC DEVELOPMENT","A","B"
"TIME-VARYING PREDICTABILITY IN CRUDE-OIL MARKETS: THE CASE OF GCC COUNTRIES",2010,"ENERGY POLICY","A","B"
"REGIME CHANGES AND THE IMPACT OF CURRENCY DEPRECIATIONS: THE CASE OF SPANISH-US INDUSTRY TRADE",2013,"EMPIRICA","A","B"
"FROM PEG TO FLOAT: EXCHANGE MARKET PRESSURE AND MONETARY POLICY IN THE CZECH REPUBLIC",2011,"REVIEW OF INTERNATIONAL ECONOMICS","A","B"
"EXCHANGE RATES AND STOCK PRICES IN THE MENA COUNTRIES: WHAT ROLE FOR OIL?",2011,"REVIEW OF DEVELOPMENT ECONOMICS","A","B"
"VOLATILITY BEHAVIOR OF OIL, INDUSTRIAL COMMODITY AND STOCK MARKETS IN A REGIME-SWITCHING ENVIRONMENT",2010,"ENERGY POLICY","A","B"
"MEXICO'S BUSINESS CYCLES AND SYNCHRONIZATION WITH THE USA IN THE POST-NAFTA YEARS",2011,"REVIEW OF DEVELOPMENT ECONOMICS","A","B"
"REGIONAL CONVERGENCE OR DIVERGENCE IN CHINA? EVIDENCE FROM UNIT ROOT TESTS WITH BREAKS",2013,"ANNALS OF REGIONAL SCIENCE","A","B"
"A NEW TEST OF THE REAL INTEREST RATE PARITY HYPOTHESIS: BOUNDS APPROACH AND STRUCTURAL BREAKS",2011,"REVIEW OF INTERNATIONAL ECONOMICS","A","B"
"ARE GLOBAL IMBALANCES SUSTAINABLE? SHEDDING FURTHER LIGHT ON THE CAUSES OF CURRENT ACCOUNT REVERSALS",2012,"REVIEW OF INTERNATIONAL ECONOMICS","A","B"
"WAVELET DECOMPOSITION AND REGIME SHIFTS: ASSESSING THE EFFECTS OF CRUDE OIL SHOCKS ON STOCK MARKET RETURNS",2010,"ENERGY POLICY","A","B"
"DYNAMIC FINANCIAL DISTRESS PREDICTION MODELING BASED ON SLIP TIME WINDOW AND MULTIPLE CLASSIFIERS",2010,"2010 INTERNATIONAL CONFERENCE ON MANAGEMENT SCIENCE AND ENGINEERING (ICMSE)","A","B"
"BREAKS AND TRENDS IN OECD COUNTRIES' ENERGY-GDP RATIOS",2012,"ENERGY POLICY","A","B"
"STRUCTURAL CHANGE, URBAN CONGESTION, AND THE END OF GROWTH",2013,"REVIEW OF DEVELOPMENT ECONOMICS","A","B"
"IS EAST ASIA AN OPTIMUM CURRENCY AREA? A TEST OF GENERALIZED PURCHASING POWER PARITY IN THE PRESENCE OF STRUCTURAL BREAKS",2012,"JOURNAL OF THE ASIA PACIFIC ECONOMY","A","B"
"MODELLING OIL PRICE VOLATILITY WITH STRUCTURAL BREAKS",2013,"ENERGY POLICY","A","B"
"ARE THE EFFECTS OF FISCAL CHANGES DIFFERENT IN TIMES OF CRISIS AND NON CRISIS? THE FRENCH CASE",2011,"REVUE D ECONOMIE POLITIQUE","A","B"
"ENERGY CONSUMPTION AND ECONOMIC GROWTH REVISITED IN AFRICAN COUNTRIES",2011,"ENERGY POLICY","A","B"
"THE RELATIONSHIP BETWEEN OIL PRICE SHOCKS AND CHINA'S MACRO-ECONOMY: AN EMPIRICAL ANALYSIS",2010,"ENERGY POLICY","A","B"
"DOMESTIC MARKETS AND INTERNATIONAL INTEGRATION: PATHS TO INDUSTRIALISATION IN THE NORDIC COUNTRIES",2013,"SCANDINAVIAN ECONOMIC HISTORY REVIEW","A","B"
"CURRENT ACCOUNT AND RELATIVE PRICES: ARE THERE ANY COINTEGRATION RELATIONSHIPS IN THE PRESENCE OF STRUCTURAL BREAKS IN EMERGING ECONOMIES?",2013,"JOURNAL OF INTERNATIONAL TRADE & ECONOMIC DEVELOPMENT","A","B"
"LAND SUPPLY, LAND SPECULATION AND HOUSING PRICE: EVIDENCE FROM FOUR MUNICIPALITIES IN CHINA",2011,"2011 INTERNATIONAL CONFERENCE ON MANAGEMENT SCIENCE AND ENGINEERING -18TH ANNUAL CONFERENCE PROCEEDINGS, VOLS I AND II","A","B"
"BALANCE-OF-PAYMENTS CRISES DURING THE GREAT RECESSION: IS THIS TIME DIFFERENT?",2012,"REVIEW OF INTERNATIONAL ECONOMICS","A","B"
"HAS CHINESE ECONOMY BECOME MORE STABLE?",2013,"JOURNAL OF THE ASIA PACIFIC ECONOMY","A","B"
