"Description","A+B","A","B","T1 detection","T2 modelling"
"MAIN INFORMATION ABOUT DATA","","","","",""
"Timespan","2010:2025","2010:2025","2010:2025","2010:2025","2010:2025"
"Sources (Journals, Books, etc)","2053","1030","1028","1485","1148"
"Documents","9111","6576","2535","5012","4099"
"Annual Growth Rate %","6.17","4.91","9.6","5.92","6.51"
"Document Average Age","7.57","7.9","6.71","7.5","7.64"
"Average citations per doc","15.86","15.24","17.47","18.06","13.18"
"Average citations per year per doc","1.932","1.743","2.423","2.205","1.599"
"References","1","1","1","1","1"
"DOCUMENT TYPES","","","","",""
"article","8170","6116","2054","4490","3680"
"article; book chapter","68","61","7","30","38"
"article; early access","94","71","23","57","37"
"article; proceedings paper","83","65","18","47","36"
"article; publication with expression of concern","1",NA,"1","1",NA
"conference paper","215","44","171","128","87"
"proceedings paper","390","172","218","199","191"
"review","89","47","42","59","30"
"review; book chapter","1",NA,"1","1",NA
"DOCUMENT CONTENTS","","","","",""
"Keywords Plus (ID)","6803","4356","4048","4863","3675"
"Author's Keywords (DE)","16308","11972","6376","9980","8413"
"AUTHORS","","","","",""
"Authors","12146","9008","4657","7959","5627"
"Author Appearances","23205","15883","7322","13063","10142"
"Authors of single-authored docs","1211","986","291","715","552"
"AUTHORS COLLABORATION","","","","",""
"Single-authored docs","1648","1308","340","879","769"
"Documents per Author","0.75","0.73","0.544","0.63","0.728"
"Co-Authors per Doc","2.55","2.42","2.89","2.61","2.47"
"International co-authorships %","27.09","27.83","25.17","27.71","26.32"
"","","","","",""
