"stratum","CORPUS","PY","n"
"T1 detection","A",2010,144
"T1 detection","A",2011,155
"T1 detection","A",2012,164
"T1 detection","A",2013,209
"T1 detection","A",2014,213
"T1 detection","A",2015,226
"T1 detection","A",2016,235
"T1 detection","A",2017,243
"T1 detection","A",2018,255
"T1 detection","A",2019,269
"T1 detection","A",2020,222
"T1 detection","A",2021,256
"T1 detection","A",2022,224
"T1 detection","A",2023,225
"T1 detection","A",2024,234
"T1 detection","A",2025,269
"T1 detection","B",2010,38
"T1 detection","B",2011,40
"T1 detection","B",2012,43
"T1 detection","B",2013,57
"T1 detection","B",2014,55
"T1 detection","B",2015,68
"T1 detection","B",2016,67
"T1 detection","B",2017,76
"T1 detection","B",2018,88
"T1 detection","B",2019,92
"T1 detection","B",2020,125
"T1 detection","B",2021,133
"T1 detection","B",2022,164
"T1 detection","B",2023,126
"T1 detection","B",2024,135
"T1 detection","B",2025,162
"T2 modelling","A",2010,105
"T2 modelling","A",2011,157
"T2 modelling","A",2012,139
"T2 modelling","A",2013,166
"T2 modelling","A",2014,188
"T2 modelling","A",2015,198
"T2 modelling","A",2016,206
"T2 modelling","A",2017,203
"T2 modelling","A",2018,209
"T2 modelling","A",2019,201
"T2 modelling","A",2020,172
"T2 modelling","A",2021,227
"T2 modelling","A",2022,230
"T2 modelling","A",2023,207
"T2 modelling","A",2024,183
"T2 modelling","A",2025,242
"T2 modelling","B",2010,29
"T2 modelling","B",2011,40
"T2 modelling","B",2012,38
"T2 modelling","B",2013,39
"T2 modelling","B",2014,57
"T2 modelling","B",2015,46
"T2 modelling","B",2016,60
"T2 modelling","B",2017,53
"T2 modelling","B",2018,77
"T2 modelling","B",2019,87
"T2 modelling","B",2020,87
"T2 modelling","B",2021,99
"T2 modelling","B",2022,88
"T2 modelling","B",2023,80
"T2 modelling","B",2024,83
"T2 modelling","B",2025,103
