"CORPUS","SO","n","share"
"A","ECONOMIC MODELLING",213,0.0324
"A","APPLIED ECONOMICS",201,0.0306
"A","ENERGY ECONOMICS",184,0.028
"A","INTERNATIONAL REVIEW OF ECONOMICS & FINANCE",116,0.0176
"A","FINANCE RESEARCH LETTERS",107,0.0163
"A","NORTH AMERICAN JOURNAL OF ECONOMICS AND FINANCE",101,0.0154
"A","EMPIRICAL ECONOMICS",97,0.0148
"A","APPLIED ECONOMICS LETTERS",96,0.0146
"A","JOURNAL OF ECONOMETRICS",87,0.0132
"A","INTERNATIONAL JOURNAL OF FINANCE & ECONOMICS",81,0.0123
"A","QUANTITATIVE FINANCE",81,0.0123
"A","INTERNATIONAL REVIEW OF FINANCIAL ANALYSIS",75,0.0114
"A","ECONOMICS LETTERS",72,0.0109
"A","STUDIES IN NONLINEAR DYNAMICS AND ECONOMETRICS",71,0.0108
"A","ECONOMICS BULLETIN",63,0.0096
"B","RESOURCES POLICY",83,0.0327
"B","PHYSICA A-STATISTICAL MECHANICS AND ITS APPLICATIONS",67,0.0264
"B","ENVIRONMENTAL SCIENCE AND POLLUTION RESEARCH",65,0.0256
"B","MATHEMATICS",56,0.0221
"B","SUSTAINABILITY",51,0.0201
"B","ENERGY",50,0.0197
"B","ANNALS OF OPERATIONS RESEARCH",30,0.0118
"B","COMMUNICATIONS IN STATISTICS-THEORY AND METHODS",28,0.011
"B","APPLIED STOCHASTIC MODELS IN BUSINESS AND INDUSTRY",26,0.0103
"B","EXPERT SYSTEMS WITH APPLICATIONS",26,0.0103
"B","COMPUTATIONAL STATISTICS & DATA ANALYSIS",25,0.0099
"B","PLOS ONE",25,0.0099
"B","RENEWABLE & SUSTAINABLE ENERGY REVIEWS",24,0.0095
"B","ENERGIES",22,0.0087
"B","ENTROPY",20,0.0079
