"CORPUS","SO","n"
"A","APPLIED ECONOMICS",127
"A","ECONOMIC MODELLING",116
"A","ENERGY ECONOMICS",98
"A","JOURNAL OF ECONOMETRICS",63
"A","EMPIRICAL ECONOMICS",61
"A","APPLIED ECONOMICS LETTERS",57
"A","INTERNATIONAL REVIEW OF ECONOMICS & FINANCE",53
"A","ECONOMICS BULLETIN",49
"A","FINANCE RESEARCH LETTERS",49
"A","INTERNATIONAL JOURNAL OF FINANCE & ECONOMICS",44
"A","NORTH AMERICAN JOURNAL OF ECONOMICS AND FINANCE",41
"A","INTERNATIONAL JOURNAL OF ENERGY ECONOMICS AND POLICY",40
"A","JOURNAL OF RISK AND FINANCIAL MANAGEMENT",35
"A","ECONOMICS LETTERS",34
"A","JOURNAL OF BUSINESS & ECONOMIC STATISTICS",31
"B","ENVIRONMENTAL SCIENCE AND POLLUTION RESEARCH",61
"B","RESOURCES POLICY",51
"B","PHYSICA A-STATISTICAL MECHANICS AND ITS APPLICATIONS",41
"B","ENERGY",34
"B","SUSTAINABILITY",30
"B","RENEWABLE & SUSTAINABLE ENERGY REVIEWS",21
"B","COMMUNICATIONS IN STATISTICS-SIMULATION AND COMPUTATION",18
"B","MATHEMATICS",18
"B","COMPUTATIONAL STATISTICS & DATA ANALYSIS",17
"B","JOURNAL OF CLEANER PRODUCTION",16
"B","ENERGIES",15
"B","ENTROPY",14
"B","EXPERT SYSTEMS WITH APPLICATIONS",14
"B","INTERNATIONAL JOURNAL OF HOUSING MARKETS AND ANALYSIS",13
"B","JOURNAL OF APPLIED STATISTICS",13
