"Country","SCP","MCP","Articles","MCP_ratio","total_citations","mean_citations","CORPUS"
"CHINA",1120,357,1477,0.242,24803,16.79,"A+B"
"USA",688,298,986,0.302,22139,22.45,"A+B"
"UNITED KINGDOM",273,206,479,0.43,9346,19.51,"A+B"
"INDIA",342,42,384,0.109,5002,13.03,"A+B"
"TURKEY",286,48,334,0.144,7824,23.43,"A+B"
"AUSTRALIA",190,137,327,0.419,5594,17.11,"A+B"
"GERMANY",236,86,322,0.267,5678,17.63,"A+B"
"FRANCE",174,104,278,0.374,7045,25.34,"A+B"
"ITALY",180,83,263,0.316,3367,12.8,"A+B"
"CANADA",155,101,256,0.395,3314,12.95,"A+B"
"KOREA",164,54,218,0.248,2120,9.72,"A+B"
"SPAIN",145,70,215,0.326,3028,14.08,"A+B"
"MALAYSIA",134,53,187,0.283,3011,16.1,"A+B"
"JAPAN",130,24,154,0.156,1523,9.89,"A+B"
"SOUTH AFRICA",106,48,154,0.312,1655,10.75,"A+B"
"CHINA",645,219,864,0.253,14630,16.93,"A"
"USA",539,255,794,0.321,19379,24.41,"A"
"UNITED KINGDOM",238,184,422,0.436,8243,19.53,"A"
"INDIA",260,25,285,0.088,3372,11.83,"A"
"AUSTRALIA",160,106,266,0.398,4443,16.7,"A"
"GERMANY",182,75,257,0.292,4337,16.88,"A"
"TURKEY",211,36,247,0.146,3253,13.17,"A"
"FRANCE",153,83,236,0.352,5914,25.06,"A"
"CANADA",116,71,187,0.38,2352,12.58,"A"
"ITALY",120,62,182,0.341,2474,13.59,"A"
"SPAIN",120,54,174,0.31,2357,13.55,"A"
"KOREA",95,46,141,0.326,1614,11.45,"A"
"SOUTH AFRICA",90,35,125,0.28,1153,9.22,"A"
"JAPAN",99,23,122,0.189,1317,10.8,"A"
"GREECE",83,38,121,0.314,1529,12.64,"A"
"CHINA",475,138,613,0.225,10173,16.6,"B"
"USA",149,43,192,0.224,2760,14.38,"B"
"INDIA",82,17,99,0.172,1630,16.46,"B"
"TURKEY",75,12,87,0.138,4571,52.54,"B"
"ITALY",60,21,81,0.259,893,11.02,"B"
"KOREA",69,8,77,0.104,506,6.57,"B"
"MALAYSIA",53,21,74,0.284,1957,26.45,"B"
"CANADA",39,30,69,0.435,962,13.94,"B"
"GERMANY",54,11,65,0.169,1341,20.63,"B"
"AUSTRALIA",30,31,61,0.508,1151,18.87,"B"
"THAILAND",58,3,61,0.049,213,3.49,"B"
"IRAN",48,9,57,0.158,568,9.96,"B"
"UNITED KINGDOM",35,22,57,0.386,1103,19.35,"B"
"PAKISTAN",27,19,46,0.413,1907,41.46,"B"
"FRANCE",21,21,42,0.5,1131,26.93,"B"
