"country","publications","total_citations"
"CHINA",1720,30063
"USA",1402,32111
"UNITED KINGDOM",846,18850
"TURKEY",492,14695
"INDIA",491,8475
"AUSTRALIA",487,12511
"GERMANY",476,8466
"FRANCE",471,15095
"ITALY",382,5331
"CANADA",369,5506
"SPAIN",322,4893
"KOREA",275,3385
"SOUTH AFRICA",269,6106
"MALAYSIA",254,6428
"PAKISTAN",205,9652
"JAPAN",198,2112
"NIGERIA",193,3478
"GREECE",189,3376
"TUNISIA",189,5387
"SAUDI ARABIA",140,3964
"BRAZIL",136,1350
"IRAN",131,1326
"SWITZERLAND",126,2019
"THAILAND",125,508
"POLAND",119,1012
"NETHERLANDS",111,2134
"INDONESIA",108,301
"PORTUGAL",108,3206
"CZECH REPUBLIC",95,1024
"ROMANIA",94,969
"NEW ZEALAND",89,3090
"VIETNAM",82,2615
"SWEDEN",81,1690
"NORWAY",78,1997
"RUSSIA",73,1775
"BANGLADESH",69,1814
"U ARAB EMIRATES",69,1570
"SINGAPORE",67,2051
"MEXICO",66,513
"BELGIUM",64,1972
"IRELAND",60,891
"DENMARK",59,951
"LEBANON",50,1877
"GHANA",49,1249
"KUWAIT",46,602
"AUSTRIA",45,543
"FINLAND",39,973
"CROATIA",38,399
"QATAR",37,1128
"SERBIA",37,221
"CHILE",36,674
"CYPRUS",35,740
"SLOVAKIA",35,220
"EGYPT",34,384
"PHILIPPINES",30,193
"MOROCCO",28,275
"UKRAINE",26,136
"COLOMBIA",25,210
"HUNGARY",24,153
"ALGERIA",23,406
"BAHRAIN",23,543
"ESTONIA",21,212
"LUXEMBOURG",20,132
"OMAN",19,612
"AZERBAIJAN",18,157
"FIJI",16,248
"ARGENTINA",15,108
"SLOVENIA",15,154
"BULGARIA",14,150
"KENYA",14,188
"PERU",13,96
"KAZAKHSTAN",12,288
"LITHUANIA",12,104
"IRAQ",11,150
"BOTSWANA",10,22
"ISRAEL",10,140
"GUATEMALA",9,63
"SRI LANKA",9,33
"CAMEROON",8,20
"ECUADOR",8,190
"JORDAN",8,66
"MONGOLIA",8,128
"UNITED ARAB EMIRATES",8,33
"ETHIOPIA",7,106
"MAURITIUS",6,95
"UGANDA",6,30
"LIBYA",5,30
"MALTA",5,127
"TANZANIA",5,21
"URUGUAY",5,21
"BARBADOS",4,44
"HONG KONG",4,32
"LAOS",4,67
"UZBEKISTAN",4,10
"ZIMBABWE",4,16
"JAMAICA",3,81
"MACEDONIA",3,21
"MALAWI",3,15
"SENEGAL",3,4
"ZAMBIA",3,21
"ARMENIA",2,1
"CAMBODIA",2,0
"CONGO",2,10
"ICELAND",2,34
"LATVIA",2,6
"NEPAL",2,35
"SIERRA LEONE",2,23
"SUDAN",2,41
"SYRIA",2,3
"TOGO",2,1
"ALBANIA",1,1
"ANGOLA",1,1
"BELARUS",1,2
"BENIN",1,4
"BRUNEI",1,1
"DOMINICAN REPUBLIC",1,1
"GAMBIA",1,5
"HONDURAS",1,0
"KOSOVO",1,0
"LIECHTENSTEIN",1,1
"MONTENEGRO",1,1
"MOZAMBIQUE",1,0
"NAMIBIA",1,44
"NIGER",1,3
"NORTH KOREA",1,5
"NORTH MACEDONIA",1,7
"RWANDA",1,6
"SOMALIA",1,3
"TRINIDAD AND TOBAGO",1,30
"VENEZUELA",1,3
"YEMEN",1,15
