"from","to","papers"
"UNITED KINGDOM","USA",107
"CHINA","USA",161
"FRANCE","USA",66
"AUSTRALIA","USA",43
"GERMANY","USA",42
"ITALY","USA",43
"SOUTH AFRICA","USA",46
"TURKEY","USA",50
"CANADA","USA",38
"SPAIN","USA",20
"PAKISTAN","USA",11
"INDIA","USA",21
"SAUDI ARABIA","USA",13
"KOREA","USA",48
"TUNISIA","USA",9
"MALAYSIA","USA",13
"GREECE","USA",11
"NETHERLANDS","USA",15
"VIETNAM","USA",5
"USA","UNITED KINGDOM",107
"CHINA","UNITED KINGDOM",84
"FRANCE","UNITED KINGDOM",44
"AUSTRALIA","UNITED KINGDOM",50
"GERMANY","UNITED KINGDOM",47
"ITALY","UNITED KINGDOM",64
"SOUTH AFRICA","UNITED KINGDOM",34
"TURKEY","UNITED KINGDOM",25
"CANADA","UNITED KINGDOM",26
"SPAIN","UNITED KINGDOM",37
"PAKISTAN","UNITED KINGDOM",12
"INDIA","UNITED KINGDOM",16
"SAUDI ARABIA","UNITED KINGDOM",8
"KOREA","UNITED KINGDOM",9
"TUNISIA","UNITED KINGDOM",5
"MALAYSIA","UNITED KINGDOM",10
"GREECE","UNITED KINGDOM",52
"NETHERLANDS","UNITED KINGDOM",18
"VIETNAM","UNITED KINGDOM",14
"USA","CHINA",161
"UNITED KINGDOM","CHINA",84
"FRANCE","CHINA",28
"AUSTRALIA","CHINA",91
"GERMANY","CHINA",16
"ITALY","CHINA",4
"SOUTH AFRICA","CHINA",17
"TURKEY","CHINA",23
"CANADA","CHINA",50
"SPAIN","CHINA",13
"PAKISTAN","CHINA",42
"INDIA","CHINA",17
"SAUDI ARABIA","CHINA",12
"KOREA","CHINA",16
"TUNISIA","CHINA",2
"MALAYSIA","CHINA",12
"GREECE","CHINA",4
"NETHERLANDS","CHINA",11
"VIETNAM","CHINA",14
"USA","FRANCE",66
"UNITED KINGDOM","FRANCE",44
"CHINA","FRANCE",28
"AUSTRALIA","FRANCE",11
"GERMANY","FRANCE",20
"ITALY","FRANCE",23
"SOUTH AFRICA","FRANCE",37
"TURKEY","FRANCE",22
"CANADA","FRANCE",20
"SPAIN","FRANCE",9
"PAKISTAN","FRANCE",18
"INDIA","FRANCE",9
"SAUDI ARABIA","FRANCE",15
"KOREA","FRANCE",8
"TUNISIA","FRANCE",45
"MALAYSIA","FRANCE",7
"GREECE","FRANCE",9
"NETHERLANDS","FRANCE",9
"VIETNAM","FRANCE",13
"USA","AUSTRALIA",43
"UNITED KINGDOM","AUSTRALIA",50
"CHINA","AUSTRALIA",91
"FRANCE","AUSTRALIA",11
"GERMANY","AUSTRALIA",17
"ITALY","AUSTRALIA",12
"SOUTH AFRICA","AUSTRALIA",10
"TURKEY","AUSTRALIA",6
"CANADA","AUSTRALIA",33
"SPAIN","AUSTRALIA",8
"PAKISTAN","AUSTRALIA",11
"INDIA","AUSTRALIA",6
"SAUDI ARABIA","AUSTRALIA",2
"KOREA","AUSTRALIA",7
"TUNISIA","AUSTRALIA",4
"MALAYSIA","AUSTRALIA",15
"GREECE","AUSTRALIA",1
"NETHERLANDS","AUSTRALIA",5
"VIETNAM","AUSTRALIA",7
"USA","GERMANY",42
"UNITED KINGDOM","GERMANY",47
"CHINA","GERMANY",16
"FRANCE","GERMANY",20
"AUSTRALIA","GERMANY",17
"ITALY","GERMANY",20
"SOUTH AFRICA","GERMANY",14
"TURKEY","GERMANY",6
"CANADA","GERMANY",18
"SPAIN","GERMANY",21
"PAKISTAN","GERMANY",2
"INDIA","GERMANY",4
"SAUDI ARABIA","GERMANY",1
"KOREA","GERMANY",1
"TUNISIA","GERMANY",1
"MALAYSIA","GERMANY",1
"GREECE","GERMANY",6
"NETHERLANDS","GERMANY",20
"VIETNAM","GERMANY",2
"USA","ITALY",43
"UNITED KINGDOM","ITALY",64
"CHINA","ITALY",4
"FRANCE","ITALY",23
"AUSTRALIA","ITALY",12
"GERMANY","ITALY",20
"SOUTH AFRICA","ITALY",5
"TURKEY","ITALY",5
"CANADA","ITALY",11
"SPAIN","ITALY",15
"PAKISTAN","ITALY",3
"INDIA","ITALY",6
"TUNISIA","ITALY",1
"MALAYSIA","ITALY",3
"GREECE","ITALY",12
"NETHERLANDS","ITALY",12
"VIETNAM","ITALY",1
"USA","SOUTH AFRICA",46
"UNITED KINGDOM","SOUTH AFRICA",34
"CHINA","SOUTH AFRICA",17
"FRANCE","SOUTH AFRICA",37
"AUSTRALIA","SOUTH AFRICA",10
"GERMANY","SOUTH AFRICA",14
"ITALY","SOUTH AFRICA",5
"TURKEY","SOUTH AFRICA",39
"CANADA","SOUTH AFRICA",2
"SPAIN","SOUTH AFRICA",11
"PAKISTAN","SOUTH AFRICA",2
"INDIA","SOUTH AFRICA",9
"SAUDI ARABIA","SOUTH AFRICA",5
"KOREA","SOUTH AFRICA",1
"TUNISIA","SOUTH AFRICA",5
"MALAYSIA","SOUTH AFRICA",1
"GREECE","SOUTH AFRICA",19
"USA","TURKEY",50
"UNITED KINGDOM","TURKEY",25
"CHINA","TURKEY",23
"FRANCE","TURKEY",22
"AUSTRALIA","TURKEY",6
"GERMANY","TURKEY",6
"ITALY","TURKEY",5
"SOUTH AFRICA","TURKEY",39
"CANADA","TURKEY",9
"SPAIN","TURKEY",1
"PAKISTAN","TURKEY",14
"INDIA","TURKEY",3
"SAUDI ARABIA","TURKEY",3
"KOREA","TURKEY",1
"TUNISIA","TURKEY",5
"MALAYSIA","TURKEY",7
"GREECE","TURKEY",4
"NETHERLANDS","TURKEY",1
"VIETNAM","TURKEY",1
"USA","CANADA",38
"UNITED KINGDOM","CANADA",26
"CHINA","CANADA",50
"FRANCE","CANADA",20
"AUSTRALIA","CANADA",33
"GERMANY","CANADA",18
"ITALY","CANADA",11
"SOUTH AFRICA","CANADA",2
"TURKEY","CANADA",9
"SPAIN","CANADA",5
"INDIA","CANADA",1
"SAUDI ARABIA","CANADA",5
"KOREA","CANADA",7
"TUNISIA","CANADA",5
"GREECE","CANADA",3
"NETHERLANDS","CANADA",4
"USA","SPAIN",20
"UNITED KINGDOM","SPAIN",37
"CHINA","SPAIN",13
"FRANCE","SPAIN",9
"AUSTRALIA","SPAIN",8
"GERMANY","SPAIN",21
"ITALY","SPAIN",15
"SOUTH AFRICA","SPAIN",11
"TURKEY","SPAIN",1
"CANADA","SPAIN",5
"PAKISTAN","SPAIN",1
"INDIA","SPAIN",5
"SAUDI ARABIA","SPAIN",1
"KOREA","SPAIN",2
"TUNISIA","SPAIN",2
"MALAYSIA","SPAIN",1
"GREECE","SPAIN",3
"NETHERLANDS","SPAIN",6
"VIETNAM","SPAIN",1
"USA","PAKISTAN",11
"UNITED KINGDOM","PAKISTAN",12
"CHINA","PAKISTAN",42
"FRANCE","PAKISTAN",18
"AUSTRALIA","PAKISTAN",11
"GERMANY","PAKISTAN",2
"ITALY","PAKISTAN",3
"SOUTH AFRICA","PAKISTAN",2
"TURKEY","PAKISTAN",14
"SPAIN","PAKISTAN",1
"INDIA","PAKISTAN",13
"SAUDI ARABIA","PAKISTAN",7
"KOREA","PAKISTAN",4
"TUNISIA","PAKISTAN",5
"MALAYSIA","PAKISTAN",25
"NETHERLANDS","PAKISTAN",1
"VIETNAM","PAKISTAN",4
"USA","INDIA",21
"UNITED KINGDOM","INDIA",16
"CHINA","INDIA",17
"FRANCE","INDIA",9
"AUSTRALIA","INDIA",6
"GERMANY","INDIA",4
"ITALY","INDIA",6
"SOUTH AFRICA","INDIA",9
"TURKEY","INDIA",3
"CANADA","INDIA",1
"SPAIN","INDIA",5
"PAKISTAN","INDIA",13
"SAUDI ARABIA","INDIA",7
"KOREA","INDIA",2
"TUNISIA","INDIA",2
"MALAYSIA","INDIA",5
"GREECE","INDIA",2
"VIETNAM","INDIA",6
"USA","SAUDI ARABIA",13
"UNITED KINGDOM","SAUDI ARABIA",8
"CHINA","SAUDI ARABIA",12
"FRANCE","SAUDI ARABIA",15
"AUSTRALIA","SAUDI ARABIA",2
"GERMANY","SAUDI ARABIA",1
"SOUTH AFRICA","SAUDI ARABIA",5
"TURKEY","SAUDI ARABIA",3
"CANADA","SAUDI ARABIA",5
"SPAIN","SAUDI ARABIA",1
"PAKISTAN","SAUDI ARABIA",7
"INDIA","SAUDI ARABIA",7
"KOREA","SAUDI ARABIA",8
"TUNISIA","SAUDI ARABIA",38
"MALAYSIA","SAUDI ARABIA",9
"NETHERLANDS","SAUDI ARABIA",1
"VIETNAM","SAUDI ARABIA",4
"USA","KOREA",48
"UNITED KINGDOM","KOREA",9
"CHINA","KOREA",16
"FRANCE","KOREA",8
"AUSTRALIA","KOREA",7
"GERMANY","KOREA",1
"SOUTH AFRICA","KOREA",1
"TURKEY","KOREA",1
"CANADA","KOREA",7
"SPAIN","KOREA",2
"PAKISTAN","KOREA",4
"INDIA","KOREA",2
"SAUDI ARABIA","KOREA",8
"TUNISIA","KOREA",10
"MALAYSIA","KOREA",2
"NETHERLANDS","KOREA",1
"VIETNAM","KOREA",5
"USA","TUNISIA",9
"UNITED KINGDOM","TUNISIA",5
"CHINA","TUNISIA",2
"FRANCE","TUNISIA",45
"AUSTRALIA","TUNISIA",4
"GERMANY","TUNISIA",1
"ITALY","TUNISIA",1
"SOUTH AFRICA","TUNISIA",5
"TURKEY","TUNISIA",5
"CANADA","TUNISIA",5
"SPAIN","TUNISIA",2
"PAKISTAN","TUNISIA",5
"INDIA","TUNISIA",2
"SAUDI ARABIA","TUNISIA",38
"KOREA","TUNISIA",10
"MALAYSIA","TUNISIA",1
"GREECE","TUNISIA",1
"NETHERLANDS","TUNISIA",1
"VIETNAM","TUNISIA",5
"USA","MALAYSIA",13
"UNITED KINGDOM","MALAYSIA",10
"CHINA","MALAYSIA",12
"FRANCE","MALAYSIA",7
"AUSTRALIA","MALAYSIA",15
"GERMANY","MALAYSIA",1
"ITALY","MALAYSIA",3
"SOUTH AFRICA","MALAYSIA",1
"TURKEY","MALAYSIA",7
"SPAIN","MALAYSIA",1
"PAKISTAN","MALAYSIA",25
"INDIA","MALAYSIA",5
"SAUDI ARABIA","MALAYSIA",9
"KOREA","MALAYSIA",2
"TUNISIA","MALAYSIA",1
"GREECE","MALAYSIA",1
"VIETNAM","MALAYSIA",4
"USA","GREECE",11
"UNITED KINGDOM","GREECE",52
"CHINA","GREECE",4
"FRANCE","GREECE",9
"AUSTRALIA","GREECE",1
"GERMANY","GREECE",6
"ITALY","GREECE",12
"SOUTH AFRICA","GREECE",19
"TURKEY","GREECE",4
"CANADA","GREECE",3
"SPAIN","GREECE",3
"INDIA","GREECE",2
"TUNISIA","GREECE",1
"MALAYSIA","GREECE",1
"VIETNAM","GREECE",1
"USA","NETHERLANDS",15
"UNITED KINGDOM","NETHERLANDS",18
"CHINA","NETHERLANDS",11
"FRANCE","NETHERLANDS",9
"AUSTRALIA","NETHERLANDS",5
"GERMANY","NETHERLANDS",20
"ITALY","NETHERLANDS",12
"TURKEY","NETHERLANDS",1
"CANADA","NETHERLANDS",4
"SPAIN","NETHERLANDS",6
"PAKISTAN","NETHERLANDS",1
"SAUDI ARABIA","NETHERLANDS",1
"KOREA","NETHERLANDS",1
"TUNISIA","NETHERLANDS",1
"USA","VIETNAM",5
"UNITED KINGDOM","VIETNAM",14
"CHINA","VIETNAM",14
"FRANCE","VIETNAM",13
"AUSTRALIA","VIETNAM",7
"GERMANY","VIETNAM",2
"ITALY","VIETNAM",1
"TURKEY","VIETNAM",1
"SPAIN","VIETNAM",1
"PAKISTAN","VIETNAM",4
"INDIA","VIETNAM",6
"SAUDI ARABIA","VIETNAM",4
"KOREA","VIETNAM",5
"TUNISIA","VIETNAM",5
"MALAYSIA","VIETNAM",4
"GREECE","VIETNAM",1
