"CORPUS","stratum","first_author","PY","TI","SO","TC","TC_per_year","DI","SOURCE_DB"
"A","T1 detection","SHAHBAZ M",2018,"ENVIRONMENTAL DEGRADATION IN FRANCE: THE EFFECTS OF FDI, FINANCIAL DEVELOPMENT, AND ENERGY INNOVATIONS","ENERGY ECONOMICS",976,122,"10.1016/j.eneco.2018.07.020","Both"
"A","T1 detection","PHILLIPS P",2015,"TESTING FOR MULTIPLE BUBBLES: HISTORICAL EPISODES OF EXUBERANCE AND COLLAPSE IN THE S&P 500","INTERNATIONAL ECONOMIC REVIEW",782,71.09,"10.1111/iere.12132","Both"
"A","T1 detection","SHAHBAZ M",2013,"THE EFFECTS OF FINANCIAL DEVELOPMENT, ECONOMIC GROWTH, COAL CONSUMPTION AND TRADE OPENNESS ON CO2 EMISSIONS IN SOUTH AFRICA","ENERGY POLICY",722,55.54,"10.1016/j.enpol.2013.07.006","Both"
"A","T1 detection","HOU K",2020,"REPLICATING ANOMALIES","REVIEW OF FINANCIAL STUDIES",629,104.83,"10.1093/rfs/hhy131","Both"
"A","T1 detection","SHAHBAZ M",2013,"THE DYNAMIC LINKS BETWEEN ENERGY CONSUMPTION, ECONOMIC GROWTH, FINANCIAL DEVELOPMENT AND TRADE IN CHINA: FRESH EVIDENCE FROM MULTIVARIATE FRAMEWORK ANALYSIS","ENERGY ECONOMICS",575,44.23,"10.1016/j.eneco.2013.06.006","Both"
"A","T1 detection","ENDERS W",2012,"A UNIT ROOT TEST USING A FOURIER SERIES TO APPROXIMATE SMOOTH BREAKS","OXFORD BULLETIN OF ECONOMICS AND STATISTICS",515,36.79,"10.1111/j.1468-0084.2011.00662.x","Both"
"A","T1 detection","BALCILAR M",2017,"CAN VOLUME PREDICT BITCOIN RETURNS AND VOLATILITY? A QUANTILES-BASED APPROACH","ECONOMIC MODELLING",475,52.78,"10.1016/j.econmod.2017.03.019","Both"
"A","T1 detection","BALCILAR M",2010,"ECONOMIC GROWTH AND ENERGY CONSUMPTION CAUSAL NEXUS VIEWED THROUGH A BOOTSTRAP ROLLING WINDOW","ENERGY ECONOMICS",469,29.31,"10.1016/j.eneco.2010.05.015","Both"
"A","T1 detection","APERGIS N",2014,"RENEWABLE ENERGY, OUTPUT, CO2 EMISSIONS, AND FOSSIL FUEL PRICES IN CENTRAL AMERICA: EVIDENCE FROM A NONLINEAR PANEL SMOOTH TRANSITION VECTOR ERROR CORRECTION MODEL","ENERGY ECONOMICS",388,32.33,"10.1016/j.eneco.2014.01.003","Both"
"A","T1 detection","BOURI E",2019,"HERDING BEHAVIOUR IN CRYPTOCURRENCIES","FINANCE RESEARCH LETTERS",367,52.43,"10.1016/j.frl.2018.07.008","Both"
"A","T2 modelling","AROURI M",2016,"ECONOMIC POLICY UNCERTAINTY AND STOCK MARKETS: LONG-RUN EVIDENCE FROM THE US","FINANCE RESEARCH LETTERS",357,35.7,"10.1016/j.frl.2016.04.011","Both"
"A","T1 detection","RAPACH D",2013,"FORECASTING STOCK RETURNS","HANDBOOK OF ECONOMIC FORECASTING, VOL 2A",345,26.54,"10.1016/B978-0-444-53683-9.00006-2","WoS"
"A","T2 modelling","BAEK S",2020,"COVID-19 AND STOCK MARKET VOLATILITY: AN INDUSTRY LEVEL ANALYSIS","FINANCE RESEARCH LETTERS",336,56,"10.1016/j.frl.2020.101748","Both"
"A","T1 detection","NAZLIOGLU S",2016,"OIL PRICES AND REAL ESTATE INVESTMENT TRUSTS (REITS): GRADUAL-SHIFT CAUSALITY AND VOLATILITY TRANSMISSION ANALYSIS","ENERGY ECONOMICS",308,30.8,"10.1016/j.eneco.2016.09.009","Both"
"A","T1 detection","MANAGI S",2013,"DOES THE PRICE OF OIL INTERACT WITH CLEAN ENERGY PRICES IN THE STOCK MARKET?","JAPAN AND THE WORLD ECONOMY",289,22.23,"10.1016/j.japwor.2013.03.003","Both"
"A","T1 detection","HOMM U",2012,"TESTING FOR SPECULATIVE BUBBLES IN STOCK MARKETS: A COMPARISON OF ALTERNATIVE METHODS","JOURNAL OF FINANCIAL ECONOMETRICS",284,20.29,"10.1093/jjfinec/nbr009","Both"
"A","T2 modelling","BOUOIYOUR J",2019,"WHAT ARE THE CATEGORIES OF GEOPOLITICAL RISKS THAT COULD DRIVE OIL PRICES HIGHER? ACTS OR THREATS?","ENERGY ECONOMICS",281,40.14,"10.1016/j.eneco.2019.104523","Both"
"A","T1 detection","SHEPHARD N",2010,"REALISING THE FUTURE: FORECASTING WITH HIGH-FREQUENCY-BASED VOLATILITY (HEAVY) MODELS","JOURNAL OF APPLIED ECONOMETRICS",278,17.38,"10.1002/jae.1158","Both"
"A","T2 modelling","KENOURGIOS D",2011,"FINANCIAL CRISES AND STOCK MARKET CONTAGION IN A MULTIVARIATE TIME-VARYING ASYMMETRIC FRAMEWORK","JOURNAL OF INTERNATIONAL FINANCIAL MARKETS INSTITUTIONS & MONEY",275,18.33,"10.1016/j.intfin.2010.08.005","Both"
"A","T2 modelling","BAELE L",2010,"THE DETERMINANTS OF STOCK AND BOND RETURN COMOVEMENTS","REVIEW OF FINANCIAL STUDIES",274,17.12,"10.1093/rfs/hhq014","Both"
"B","T1 detection","SHAHBAZ M",2013,"ECONOMIC GROWTH, ENERGY CONSUMPTION, FINANCIAL DEVELOPMENT, INTERNATIONAL TRADE AND CO2 EMISSIONS IN INDONESIA","RENEWABLE & SUSTAINABLE ENERGY REVIEWS",1071,82.38,"10.1016/j.rser.2013.04.009","Both"
"B","T1 detection","PATA U",2018,"RENEWABLE ENERGY CONSUMPTION, URBANIZATION, FINANCIAL DEVELOPMENT, INCOME AND CO2 EMISSIONS IN TURKEY: TESTING EKC HYPOTHESIS WITH STRUCTURAL BREAKS","JOURNAL OF CLEANER PRODUCTION",903,112.88,"10.1016/j.jclepro.2018.03.236","Both"
"B","T1 detection","SHAHBAZ M",2016,"HOW URBANIZATION AFFECTS CO2 EMISSIONS OF STIRPAT MODEL IN MALAYSIA? THE APPLICATION","RENEWABLE & SUSTAINABLE ENERGY REVIEWS",556,55.6,"10.1016/j.rser.2015.12.096","Both"
"B","T1 detection","SARKODIE S",2018,"RENEWABLE ENERGY, NUCLEAR ENERGY, AND ENVIRONMENTAL POLLUTION: ACCOUNTING FOR POLITICAL INSTITUTIONAL QUALITY IN SOUTH AFRICA","SCIENCE OF THE TOTAL ENVIRONMENT",545,68.12,"10.1016/j.scitotenv.2018.06.320","Both"
"B","T1 detection","NARAYAN P",2010,"A NEW UNIT ROOT TEST WITH TWO STRUCTURAL BREAKS IN LEVEL AND SLOPE AT UNKNOWN TIME","JOURNAL OF APPLIED STATISTICS",543,33.94,"10.1080/02664760903039883","Both"
"B","T1 detection","SOLARIN S",2017,"INVESTIGATING THE POLLUTION HAVEN HYPOTHESIS IN GHANA: AN EMPIRICAL INVESTIGATION","ENERGY",527,58.56,"10.1016/j.energy.2017.02.089","Both"
"B","T1 detection","EREN B",2019,"THE IMPACT OF FINANCIAL DEVELOPMENT AND ECONOMIC GROWTH ON RENEWABLE ENERGY CONSUMPTION: EMPIRICAL ANALYSIS OF INDIA","SCIENCE OF THE TOTAL ENVIRONMENT",396,56.57,"10.1016/j.scitotenv.2019.01.323","Both"
"B","T1 detection","SEKER F",2015,"THE IMPACT OF FOREIGN DIRECT INVESTMENT ON ENVIRONMENTAL QUALITY: A BOUNDS TESTING AND CAUSALITY ANALYSIS FOR TURKEY","RENEWABLE & SUSTAINABLE ENERGY REVIEWS",395,35.91,"10.1016/j.rser.2015.07.118","Both"
"B","T1 detection","CAI Y",2018,"NEXUS BETWEEN CLEAN ENERGY CONSUMPTION, ECONOMIC GROWTH AND CO2 EMISSIONS","JOURNAL OF CLEANER PRODUCTION",389,48.62,"10.1016/j.jclepro.2018.02.035","Both"
"B","T1 detection","BEN J M",2015,"THE ENVIRONMENTAL KUZNETS CURVE, ECONOMIC GROWTH, RENEWABLE AND NON-RENEWABLE ENERGY, AND TRADE IN TUNISIA","RENEWABLE & SUSTAINABLE ENERGY REVIEWS",386,35.09,"10.1016/j.rser.2015.02.049","Both"
"B","T1 detection","CHARFEDDINE L",2016,"FINANCIAL DEVELOPMENT AND ENVIRONMENTAL QUALITY IN UAE: COINTEGRATION WITH STRUCTURAL BREAKS","RENEWABLE & SUSTAINABLE ENERGY REVIEWS",375,37.5,"10.1016/j.rser.2015.07.059","Both"
"B","T1 detection","DONG K",2018,"CO2 EMISSIONS, ECONOMIC GROWTH, AND THE ENVIRONMENTAL KUZNETS CURVE IN CHINA: WHAT ROLES CAN NUCLEAR ENERGY AND RENEWABLE ENERGY PLAY?","JOURNAL OF CLEANER PRODUCTION",374,46.75,"10.1016/j.jclepro.2018.05.271","Both"
"B","T1 detection","BENTO J",2016,"CO2 EMISSIONS, NON-RENEWABLE AND RENEWABLE ELECTRICITY PRODUCTION, ECONOMIC GROWTH, AND INTERNATIONAL TRADE IN ITALY","RENEWABLE & SUSTAINABLE ENERGY REVIEWS",374,37.4,"10.1016/j.rser.2015.10.151","Both"
"B","T2 modelling","LIU F",2023,"ASSESSING OIL PRICE VOLATILITY CO-MOVEMENT WITH STOCK MARKET VOLATILITY THROUGH QUANTILE REGRESSION APPROACH","RESOURCES POLICY",370,123.33,"10.1016/j.resourpol.2023.103375","Both"
"B","T1 detection","DOGAN E",2017,"THE INFLUENCE OF RENEWABLE AND NON-RENEWABLE ENERGY CONSUMPTION AND REAL INCOME ON CO2 EMISSIONS IN THE USA: EVIDENCE FROM STRUCTURAL BREAK TESTS","ENVIRONMENTAL SCIENCE AND POLLUTION RESEARCH",353,39.22,"10.1007/s11356-017-8786-y","Both"
"B","T1 detection","SHARIF A",2022,"NEXUS BETWEEN GREEN TECHNOLOGY INNOVATION, GREEN FINANCING, AND CO2 EMISSIONS IN THE G7 COUNTRIES: THE MODERATING ROLE OF SOCIAL GLOBALISATION","SUSTAINABLE DEVELOPMENT",342,85.5,"10.1002/sd.2360","Both"
"B","T1 detection","XU X",2021,"INDIVIDUAL TIME SERIES AND COMPOSITE FORECASTING OF THE CHINESE STOCK INDEX","MACHINE LEARNING WITH APPLICATIONS",339,67.8,"10.1016/j.mlwa.2021.100035","Both"
"B","T1 detection","SHAHBAZ M",2015,"DOES GLOBALIZATION IMPEDE ENVIRONMENTAL QUALITY IN INDIA?","ECOLOGICAL INDICATORS",338,30.73,"10.1016/j.ecolind.2014.12.025","Both"
"B","T1 detection","UMAR M",2021,"THE IMPERATIVENESS OF ENVIRONMENTAL QUALITY IN THE UNITED STATES TRANSPORTATION SECTOR AMIDST BIOMASS-FOSSIL ENERGY CONSUMPTION AND GROWTH","JOURNAL OF CLEANER PRODUCTION",331,66.2,"10.1016/j.jclepro.2020.124863","Both"
"B","T1 detection","BROCKWAY P",2021,"ENERGY EFFICIENCY AND ECONOMY-WIDE REBOUND EFFECTS: A REVIEW OF THE EVIDENCE AND ITS IMPLICATIONS","RENEWABLE & SUSTAINABLE ENERGY REVIEWS",305,61,"10.1016/j.rser.2021.110781","Both"
