"CORPUS","first_author","PY","TI","SO","TC","TC_per_year","DI","ML_vocab"
"B","SHAHBAZ M",2013,"ECONOMIC GROWTH, ENERGY CONSUMPTION, FINANCIAL DEVELOPMENT, INTERNATIONAL TRADE AND CO2 EMISSIONS IN INDONESIA","RENEWABLE & SUSTAINABLE ENERGY REVIEWS",1071,82.38,"10.1016/j.rser.2013.04.009",FALSE
"A","SHAHBAZ M",2018,"ENVIRONMENTAL DEGRADATION IN FRANCE: THE EFFECTS OF FDI, FINANCIAL DEVELOPMENT, AND ENERGY INNOVATIONS","ENERGY ECONOMICS",976,122,"10.1016/j.eneco.2018.07.020",FALSE
"B","PATA U",2018,"RENEWABLE ENERGY CONSUMPTION, URBANIZATION, FINANCIAL DEVELOPMENT, INCOME AND CO2 EMISSIONS IN TURKEY: TESTING EKC HYPOTHESIS WITH STRUCTURAL BREAKS","JOURNAL OF CLEANER PRODUCTION",903,112.88,"10.1016/j.jclepro.2018.03.236",FALSE
"A","PHILLIPS P",2015,"TESTING FOR MULTIPLE BUBBLES: HISTORICAL EPISODES OF EXUBERANCE AND COLLAPSE IN THE S&P 500","INTERNATIONAL ECONOMIC REVIEW",782,71.09,"10.1111/iere.12132",FALSE
"A","SHAHBAZ M",2013,"THE EFFECTS OF FINANCIAL DEVELOPMENT, ECONOMIC GROWTH, COAL CONSUMPTION AND TRADE OPENNESS ON CO2 EMISSIONS IN SOUTH AFRICA","ENERGY POLICY",722,55.54,"10.1016/j.enpol.2013.07.006",FALSE
"A","HOU K",2020,"REPLICATING ANOMALIES","REVIEW OF FINANCIAL STUDIES",629,104.83,"10.1093/rfs/hhy131",FALSE
"A","SHAHBAZ M",2013,"THE DYNAMIC LINKS BETWEEN ENERGY CONSUMPTION, ECONOMIC GROWTH, FINANCIAL DEVELOPMENT AND TRADE IN CHINA: FRESH EVIDENCE FROM MULTIVARIATE FRAMEWORK ANALYSIS","ENERGY ECONOMICS",575,44.23,"10.1016/j.eneco.2013.06.006",FALSE
"B","SHAHBAZ M",2016,"HOW URBANIZATION AFFECTS CO2 EMISSIONS OF STIRPAT MODEL IN MALAYSIA? THE APPLICATION","RENEWABLE & SUSTAINABLE ENERGY REVIEWS",556,55.6,"10.1016/j.rser.2015.12.096",FALSE
"B","SARKODIE S",2018,"RENEWABLE ENERGY, NUCLEAR ENERGY, AND ENVIRONMENTAL POLLUTION: ACCOUNTING FOR POLITICAL INSTITUTIONAL QUALITY IN SOUTH AFRICA","SCIENCE OF THE TOTAL ENVIRONMENT",545,68.12,"10.1016/j.scitotenv.2018.06.320",FALSE
"B","NARAYAN P",2010,"A NEW UNIT ROOT TEST WITH TWO STRUCTURAL BREAKS IN LEVEL AND SLOPE AT UNKNOWN TIME","JOURNAL OF APPLIED STATISTICS",543,33.94,"10.1080/02664760903039883",FALSE
"B","SOLARIN S",2017,"INVESTIGATING THE POLLUTION HAVEN HYPOTHESIS IN GHANA: AN EMPIRICAL INVESTIGATION","ENERGY",527,58.56,"10.1016/j.energy.2017.02.089",FALSE
"A","ENDERS W",2012,"A UNIT ROOT TEST USING A FOURIER SERIES TO APPROXIMATE SMOOTH BREAKS","OXFORD BULLETIN OF ECONOMICS AND STATISTICS",515,36.79,"10.1111/j.1468-0084.2011.00662.x",FALSE
"A","BALCILAR M",2017,"CAN VOLUME PREDICT BITCOIN RETURNS AND VOLATILITY? A QUANTILES-BASED APPROACH","ECONOMIC MODELLING",475,52.78,"10.1016/j.econmod.2017.03.019",FALSE
"A","BALCILAR M",2010,"ECONOMIC GROWTH AND ENERGY CONSUMPTION CAUSAL NEXUS VIEWED THROUGH A BOOTSTRAP ROLLING WINDOW","ENERGY ECONOMICS",469,29.31,"10.1016/j.eneco.2010.05.015",FALSE
"B","EREN B",2019,"THE IMPACT OF FINANCIAL DEVELOPMENT AND ECONOMIC GROWTH ON RENEWABLE ENERGY CONSUMPTION: EMPIRICAL ANALYSIS OF INDIA","SCIENCE OF THE TOTAL ENVIRONMENT",396,56.57,"10.1016/j.scitotenv.2019.01.323",FALSE
"B","SEKER F",2015,"THE IMPACT OF FOREIGN DIRECT INVESTMENT ON ENVIRONMENTAL QUALITY: A BOUNDS TESTING AND CAUSALITY ANALYSIS FOR TURKEY","RENEWABLE & SUSTAINABLE ENERGY REVIEWS",395,35.91,"10.1016/j.rser.2015.07.118",FALSE
"B","CAI Y",2018,"NEXUS BETWEEN CLEAN ENERGY CONSUMPTION, ECONOMIC GROWTH AND CO2 EMISSIONS","JOURNAL OF CLEANER PRODUCTION",389,48.62,"10.1016/j.jclepro.2018.02.035",FALSE
"A","APERGIS N",2014,"RENEWABLE ENERGY, OUTPUT, CO2 EMISSIONS, AND FOSSIL FUEL PRICES IN CENTRAL AMERICA: EVIDENCE FROM A NONLINEAR PANEL SMOOTH TRANSITION VECTOR ERROR CORRECTION MODEL","ENERGY ECONOMICS",388,32.33,"10.1016/j.eneco.2014.01.003",FALSE
"B","BEN J M",2015,"THE ENVIRONMENTAL KUZNETS CURVE, ECONOMIC GROWTH, RENEWABLE AND NON-RENEWABLE ENERGY, AND TRADE IN TUNISIA","RENEWABLE & SUSTAINABLE ENERGY REVIEWS",386,35.09,"10.1016/j.rser.2015.02.049",FALSE
"B","CHARFEDDINE L",2016,"FINANCIAL DEVELOPMENT AND ENVIRONMENTAL QUALITY IN UAE: COINTEGRATION WITH STRUCTURAL BREAKS","RENEWABLE & SUSTAINABLE ENERGY REVIEWS",375,37.5,"10.1016/j.rser.2015.07.059",FALSE
