"kw","n"
"structural break",1545
"markov switching",1021
"regime switching",935
"cointegration",333
"economic growth",319
"volatility",290
"exchange rate",258
"garch",252
"inflation",248
"monetary policy",244
"covid-19",212
"stock market",197
"business cycle",196
"financial crisis",190
"oil price",189
"unit root",180
"change point",174
"forecasting",165
"financial development",149
"ardl",113
"long memory",113
"cryptocurrency",107
"stochastic volatility",103
"nonlinearity",102
"china",100
"stock return",94
"asymmetry",93
"bitcoin",90
"c22",86
"option pricing",86
