"CORPUS","x","n","share","lo","hi","family"
"A",738,6576,0.112226277372263,0.104822439600549,0.120082913744128,"Classical break tests"
"B",315,2535,0.124260355029586,0.111984376747212,0.137673419942428,"Classical break tests"
"A",22,6576,0.00334549878345499,0.00221040742091495,0.00506052749034492,"Segmentation algorithms"
"B",30,2535,0.0118343195266272,0.0083020793176155,0.0168438770114442,"Segmentation algorithms"
"A",3000,6576,0.456204379562044,0.444194926767366,0.468264971963327,"Markov / regime switching"
"B",1070,2535,0.422090729783037,0.402996324576208,0.441420908858126,"Markov / regime switching"
"A",189,6576,0.0287408759124088,0.024969585984507,0.0330624493155525,"Threshold / smooth transition"
"B",56,2535,0.0220907297830375,0.0170509973860836,0.0285767408706079,"Threshold / smooth transition"
"A",963,6576,0.146441605839416,0.138102794679884,0.155193262781439,"Volatility models (GARCH/SV)"
"B",390,2535,0.153846153846154,0.14032535884201,0.168414501100414,"Volatility models (GARCH/SV)"
"A",372,6576,0.0565693430656934,0.05124018438415,0.0624162902641151,"Bayesian"
"B",177,2535,0.0698224852071006,0.0605387399264241,0.0804080603780927,"Bayesian"
"A",152,6576,0.0231143552311436,0.0197512488980672,0.027034315058366,"State-space / filtering"
"B",61,2535,0.0240631163708087,0.0187788464199788,0.030787696053565,"State-space / filtering"
"A",77,6576,0.0117092457420925,0.00937945155406509,0.0146092110301527,"Wavelet / frequency"
"B",43,2535,0.0169625246548323,0.0126174639652551,0.0227693833276205,"Wavelet / frequency"
"A",164,6576,0.0249391727493917,0.0214383886609805,0.0289946795150072,"Nonparametric / kernel"
"B",101,2535,0.0398422090729783,0.032898505080069,0.0481784711282931,"Nonparametric / kernel"
"A",104,6576,0.0158150851581509,0.0130699981875447,0.0191255488906707,"Machine / deep learning"
"B",221,2535,0.0871794871794872,0.0768130521887426,0.0987952252240743,"Machine / deep learning"
"A",120,6576,0.0182481751824818,0.0152830945007068,0.0217757915369145,"ML/DL broad (incl. clustering, concept drift)"
"B",270,2535,0.106508875739645,0.0950896541575702,0.119118904580399,"ML/DL broad (incl. clustering, concept drift)"
