"CORPUS","stratum","x","n","share","lo","hi","family"
"A","T1 detection",738,3543,0.208298052497883,0.195245580022485,0.2219824123412,"Classical break tests"
"A","T2 modelling",0,3033,0,0,0.00126499847736543,"Classical break tests"
"B","T1 detection",315,1469,0.214431586113002,0.194202084343418,0.236150779128119,"Classical break tests"
"B","T2 modelling",0,1066,0,0,0.00359081194823608,"Classical break tests"
"A","T1 detection",21,3543,0.00592718035563082,0.00388005195191549,0.00904457372068292,"Segmentation algorithms"
"A","T2 modelling",1,3033,0.000329706561160567,5.82021778923142e-05,0.00186537526519856,"Segmentation algorithms"
"B","T1 detection",29,1469,0.0197413206262764,0.0137798392984109,0.0282081110690964,"Segmentation algorithms"
"B","T2 modelling",1,1066,0.000938086303939962,0.000165610204602077,0.00529463736849659,"Segmentation algorithms"
"A","T1 detection",170,3543,0.0479819362122495,0.0414205937976379,0.0555224441998865,"Markov / regime switching"
"A","T2 modelling",2830,3033,0.933069568084405,0.923616668479087,0.941426803001283,"Markov / regime switching"
"B","T1 detection",64,1469,0.0435670524166099,0.0342646071027399,0.0552505179453304,"Markov / regime switching"
"B","T2 modelling",1006,1066,0.943714821763602,0.928219283895705,0.956023766664303,"Markov / regime switching"
"A","T1 detection",68,3543,0.0191927744848998,0.0151682116339035,0.0242588662485708,"Threshold / smooth transition"
"A","T2 modelling",121,3033,0.0398944939004286,0.0334914066419309,0.0474616466882132,"Threshold / smooth transition"
"B","T1 detection",19,1469,0.0129339686861811,0.0082956424045551,0.020113115197077,"Threshold / smooth transition"
"B","T2 modelling",37,1066,0.0347091932457786,0.0252849340675366,0.0474749960006156,"Threshold / smooth transition"
"A","T1 detection",444,3543,0.125317527519052,0.114819813071189,0.136626882490294,"Volatility models (GARCH/SV)"
"A","T2 modelling",519,3033,0.171117705242334,0.158132399066697,0.184935082622173,"Volatility models (GARCH/SV)"
"B","T1 detection",135,1469,0.0918992511912866,0.0781716444607443,0.10775574922504,"Volatility models (GARCH/SV)"
"B","T2 modelling",255,1066,0.23921200750469,0.214567841550671,0.265729054737527,"Volatility models (GARCH/SV)"
"A","T1 detection",147,3543,0.0414902624894158,0.0354050520030058,0.0485687008705367,"Bayesian"
"A","T2 modelling",225,3033,0.0741839762611276,0.0653860837612853,0.0840591820043049,"Bayesian"
"B","T1 detection",79,1469,0.0537780803267529,0.0433626601236252,0.0665212540732579,"Bayesian"
"B","T2 modelling",98,1066,0.0919324577861163,0.0760221586283361,0.110773344556434,"Bayesian"
"A","T1 detection",66,3543,0.0186282811176969,0.0146694386583376,0.0236298753003123,"State-space / filtering"
"A","T2 modelling",86,3033,0.0283547642598088,0.0230177911306298,0.0348849983991237,"State-space / filtering"
"B","T1 detection",21,1469,0.0142954390742001,0.00936886829694251,0.0217557278578646,"State-space / filtering"
"B","T2 modelling",40,1066,0.0375234521575985,0.0276757921050594,0.0506924448376806,"State-space / filtering"
"A","T1 detection",54,3543,0.0152413209144793,0.0117004075711077,0.0198323228445951,"Wavelet / frequency"
"A","T2 modelling",23,3033,0.00758325090669304,0.00505844886612508,0.0113538658229256,"Wavelet / frequency"
"B","T1 detection",32,1469,0.021783526208305,0.0154720236264189,0.0305896845708509,"Wavelet / frequency"
"B","T2 modelling",11,1066,0.0103189493433396,0.00577152217149897,0.0183830816502257,"Wavelet / frequency"
"A","T1 detection",108,3543,0.0304826418289585,0.0253106778935737,0.0366716784653909,"Nonparametric / kernel"
"A","T2 modelling",56,3033,0.0184635674249918,0.0142460968168873,0.023899323741103,"Nonparametric / kernel"
"B","T1 detection",70,1469,0.0476514635806671,0.0378879015958243,0.0597747391117711,"Nonparametric / kernel"
"B","T2 modelling",31,1066,0.0290806754221388,0.020561567017309,0.0409817493016676,"Nonparametric / kernel"
"A","T1 detection",49,3543,0.0138300874964719,0.0104772864205977,0.0182360341855438,"Machine / deep learning"
"A","T2 modelling",55,3033,0.0181338608638312,0.0139585601396101,0.0235282814526547,"Machine / deep learning"
"B","T1 detection",143,1469,0.0973451327433628,0.083220028488031,0.113570719410453,"Machine / deep learning"
"B","T2 modelling",78,1066,0.0731707317073171,0.0590232695024259,0.0903835211850927,"Machine / deep learning"
"A","T1 detection",59,3543,0.0166525543324866,0.0129322308387682,0.0214199093864959,"ML/DL broad (incl. clustering, concept drift)"
"A","T2 modelling",61,3033,0.0201121002307946,0.0156893855932014,0.0257489297934161,"ML/DL broad (incl. clustering, concept drift)"
"B","T1 detection",188,1469,0.127978216473792,0.111859779620734,0.146037335724188,"ML/DL broad (incl. clustering, concept drift)"
"B","T2 modelling",82,1066,0.0769230769230769,0.0624024151918221,0.0944821179951469,"ML/DL broad (incl. clustering, concept drift)"
