"CORPUS","stratum","period","x","n","share","lo","hi","family"
"A","T1 detection","2010-2014",200,885,0.225988700564972,0.199652038454836,0.254693932750832,"Classical break tests"
"A","T1 detection","2015-2019",239,1228,0.194625407166124,0.173447821363408,0.217707664861444,"Classical break tests"
"A","T1 detection","2020-2022",143,702,0.203703703703704,0.175560086633281,0.235072553891165,"Classical break tests"
"A","T1 detection","2023-2025",156,728,0.214285714285714,0.186018948412456,0.245552036347088,"Classical break tests"
"A","T2 modelling","2010-2014",0,755,0,0,0.00506245308638852,"Classical break tests"
"A","T2 modelling","2015-2019",0,1017,0,0,0.00376316952600678,"Classical break tests"
"A","T2 modelling","2020-2022",0,629,0,0,0.00607039739486153,"Classical break tests"
"A","T2 modelling","2023-2025",0,632,0,0,0.00604175631163485,"Classical break tests"
"B","T1 detection","2010-2014",52,233,0.223175965665236,0.174447490145127,0.280884681230172,"Classical break tests"
"B","T1 detection","2015-2019",90,391,0.230179028132992,0.191199899966351,0.274408587082633,"Classical break tests"
"B","T1 detection","2020-2022",90,422,0.213270142180095,0.176865496545697,0.25484807958214,"Classical break tests"
"B","T1 detection","2023-2025",83,423,0.196217494089835,0.161176824561308,0.236726285163704,"Classical break tests"
"B","T2 modelling","2010-2014",0,203,0,1.73472347597681e-18,0.0185726662334849,"Classical break tests"
"B","T2 modelling","2015-2019",0,323,0,0,0.0117537057706241,"Classical break tests"
"B","T2 modelling","2020-2022",0,274,0,0,0.013826583204243,"Classical break tests"
"B","T2 modelling","2023-2025",0,266,0,0,0.0142365002282821,"Classical break tests"
"A","T1 detection","2010-2014",2,885,0.00225988700564972,0.000619948471165976,0.00820232087356316,"Segmentation algorithms"
"A","T1 detection","2015-2019",3,1228,0.00244299674267101,0.000831164534584363,0.00715817435444163,"Segmentation algorithms"
"A","T1 detection","2020-2022",7,702,0.00997150997150997,0.00483836413494519,0.0204386951939467,"Segmentation algorithms"
"A","T1 detection","2023-2025",9,728,0.0123626373626374,0.00651734831554638,0.0233273612500208,"Segmentation algorithms"
"A","T2 modelling","2010-2014",0,755,0,0,0.00506245308638852,"Segmentation algorithms"
"A","T2 modelling","2015-2019",1,1017,0.000983284169124877,0.000173590427055218,0.00554874690716,"Segmentation algorithms"
"A","T2 modelling","2020-2022",0,629,0,0,0.00607039739486153,"Segmentation algorithms"
"A","T2 modelling","2023-2025",0,632,0,0,0.00604175631163485,"Segmentation algorithms"
"B","T1 detection","2010-2014",6,233,0.0257510729613734,0.0118540447186433,0.0550328535289619,"Segmentation algorithms"
"B","T1 detection","2015-2019",8,391,0.020460358056266,0.0104031211695892,0.0398489292729174,"Segmentation algorithms"
"B","T1 detection","2020-2022",1,422,0.0023696682464455,0.000418416411968449,0.0132993603388234,"Segmentation algorithms"
"B","T1 detection","2023-2025",14,423,0.033096926713948,0.0198155554746345,0.0547826092778169,"Segmentation algorithms"
"B","T2 modelling","2010-2014",0,203,0,1.73472347597681e-18,0.0185726662334849,"Segmentation algorithms"
"B","T2 modelling","2015-2019",1,323,0.00309597523219814,0.000546710798328701,0.0173261670727868,"Segmentation algorithms"
"B","T2 modelling","2020-2022",0,274,0,0,0.013826583204243,"Segmentation algorithms"
"B","T2 modelling","2023-2025",0,266,0,0,0.0142365002282821,"Segmentation algorithms"
"A","T1 detection","2010-2014",26,885,0.0293785310734463,0.0201262132812194,0.0426989290163508,"Markov / regime switching"
"A","T1 detection","2015-2019",65,1228,0.0529315960912052,0.0417449609538284,0.0669066708793554,"Markov / regime switching"
"A","T1 detection","2020-2022",45,702,0.0641025641025641,0.0482500600328357,0.084699882277167,"Markov / regime switching"
"A","T1 detection","2023-2025",34,728,0.0467032967032967,0.0336112220703254,0.0645542825962581,"Markov / regime switching"
"A","T2 modelling","2010-2014",693,755,0.917880794701987,0.896116857809548,0.935413727756663,"Markov / regime switching"
"A","T2 modelling","2015-2019",951,1017,0.935103244837758,0.918265563746918,0.948666191385318,"Markov / regime switching"
"A","T2 modelling","2020-2022",600,629,0.95389507154213,0.934569792827005,0.967709703337596,"Markov / regime switching"
"A","T2 modelling","2023-2025",586,632,0.927215189873418,0.904277160789486,0.944990958817662,"Markov / regime switching"
"B","T1 detection","2010-2014",13,233,0.055793991416309,0.0328924935951623,0.0931056418675267,"Markov / regime switching"
"B","T1 detection","2015-2019",15,391,0.0383631713554987,0.0233839678789642,0.0623253393470222,"Markov / regime switching"
"B","T1 detection","2020-2022",17,422,0.0402843601895735,0.0253011411258195,0.063561947872531,"Markov / regime switching"
"B","T1 detection","2023-2025",19,423,0.0449172576832151,0.0289412783689269,0.0690847809467537,"Markov / regime switching"
"B","T2 modelling","2010-2014",195,203,0.960591133004926,0.924175264233723,0.979898191009323,"Markov / regime switching"
"B","T2 modelling","2015-2019",306,323,0.947368421052632,0.917337085834882,0.966883282686139,"Markov / regime switching"
"B","T2 modelling","2020-2022",258,274,0.941605839416058,0.907259423044678,0.963740456023107,"Markov / regime switching"
"B","T2 modelling","2023-2025",247,266,0.928571428571429,0.89114142264649,0.953798720014983,"Markov / regime switching"
"A","T1 detection","2010-2014",22,885,0.0248587570621469,0.0164726656055561,0.0373519978665406,"Threshold / smooth transition"
"A","T1 detection","2015-2019",27,1228,0.0219869706840391,0.0151540626432308,0.0318013251274047,"Threshold / smooth transition"
"A","T1 detection","2020-2022",10,702,0.0142450142450142,0.0077556100655223,0.0260219400250363,"Threshold / smooth transition"
"A","T1 detection","2023-2025",9,728,0.0123626373626374,0.00651734831554638,0.0233273612500208,"Threshold / smooth transition"
"A","T2 modelling","2010-2014",32,755,0.0423841059602649,0.0301804273821888,0.0592211025286648,"Threshold / smooth transition"
"A","T2 modelling","2015-2019",51,1017,0.0501474926253687,0.0383453344370937,0.0653353933075437,"Threshold / smooth transition"
"A","T2 modelling","2020-2022",24,629,0.0381558028616852,0.0257724371370908,0.0561463242085603,"Threshold / smooth transition"
"A","T2 modelling","2023-2025",14,632,0.0221518987341772,0.0132403535481367,0.0368375274838688,"Threshold / smooth transition"
"B","T1 detection","2010-2014",4,233,0.0171673819742489,0.00669568890043638,0.0433022844285734,"Threshold / smooth transition"
"B","T1 detection","2015-2019",4,391,0.010230179028133,0.00398524308834094,0.0260055177636058,"Threshold / smooth transition"
"B","T1 detection","2020-2022",4,422,0.00947867298578199,0.00369201077110732,0.0241155120261018,"Threshold / smooth transition"
"B","T1 detection","2023-2025",7,423,0.016548463356974,0.00803858847709671,0.0337605238868341,"Threshold / smooth transition"
"B","T2 modelling","2010-2014",10,203,0.0492610837438424,0.026974376860402,0.0882906375274194,"Threshold / smooth transition"
"B","T2 modelling","2015-2019",9,323,0.0278637770897833,0.0147269702886799,0.0520992843863675,"Threshold / smooth transition"
"B","T2 modelling","2020-2022",9,274,0.0328467153284672,0.0173750338266107,0.0612366643496164,"Threshold / smooth transition"
"B","T2 modelling","2023-2025",9,266,0.0338345864661654,0.0179005406111156,0.0630417603535986,"Threshold / smooth transition"
"A","T1 detection","2010-2014",106,885,0.119774011299435,0.100007912462175,0.142826806344866,"Volatility models (GARCH/SV)"
"A","T1 detection","2015-2019",168,1228,0.136807817589577,0.118716497969946,0.157164426980145,"Volatility models (GARCH/SV)"
"A","T1 detection","2020-2022",77,702,0.10968660968661,0.0886590228741397,0.134962820893641,"Volatility models (GARCH/SV)"
"A","T1 detection","2023-2025",93,728,0.127747252747253,0.105437569592818,0.153965011512165,"Volatility models (GARCH/SV)"
"A","T2 modelling","2010-2014",116,755,0.15364238410596,0.129678539377285,0.18111306719779,"Volatility models (GARCH/SV)"
"A","T2 modelling","2015-2019",162,1017,0.15929203539823,0.138088618839007,0.183059735616768,"Volatility models (GARCH/SV)"
"A","T2 modelling","2020-2022",127,629,0.201907790143084,0.172388993794499,0.235045662839958,"Volatility models (GARCH/SV)"
"A","T2 modelling","2023-2025",114,632,0.180379746835443,0.152361528066072,0.212260100968581,"Volatility models (GARCH/SV)"
"B","T1 detection","2010-2014",24,233,0.103004291845494,0.070199330942396,0.148687891572568,"Volatility models (GARCH/SV)"
"B","T1 detection","2015-2019",38,391,0.0971867007672634,0.0716264158841001,0.130585306487605,"Volatility models (GARCH/SV)"
"B","T1 detection","2020-2022",36,422,0.0853080568720379,0.0622549628193827,0.115843184472944,"Volatility models (GARCH/SV)"
"B","T1 detection","2023-2025",37,423,0.0874704491725768,0.0641247120251179,0.118241767718187,"Volatility models (GARCH/SV)"
"B","T2 modelling","2010-2014",38,203,0.187192118226601,0.139526507469317,0.246477081750647,"Volatility models (GARCH/SV)"
"B","T2 modelling","2015-2019",71,323,0.219814241486068,0.178090153198597,0.268124771706923,"Volatility models (GARCH/SV)"
"B","T2 modelling","2020-2022",72,274,0.262773722627737,0.214195335068839,0.317912167911277,"Volatility models (GARCH/SV)"
"B","T2 modelling","2023-2025",74,266,0.278195488721804,0.227792964890798,0.334913452503703,"Volatility models (GARCH/SV)"
"A","T1 detection","2010-2014",33,885,0.0372881355932203,0.0266725042404212,0.0519034760017277,"Bayesian"
"A","T1 detection","2015-2019",61,1228,0.0496742671009772,0.0388642935204347,0.0632929968324808,"Bayesian"
"A","T1 detection","2020-2022",25,702,0.0356125356125356,0.0242364188208939,0.0520435850779979,"Bayesian"
"A","T1 detection","2023-2025",28,728,0.0384615384615385,0.0267422045087415,0.0550263093335982,"Bayesian"
"A","T2 modelling","2010-2014",56,755,0.0741721854304636,0.0575585489474093,0.0950972885817931,"Bayesian"
"A","T2 modelling","2015-2019",77,1017,0.0757128810226155,0.0610031785607448,0.0936159121973121,"Bayesian"
"A","T2 modelling","2020-2022",53,629,0.0842607313195548,0.0649953044679694,0.108573563318219,"Bayesian"
"A","T2 modelling","2023-2025",39,632,0.0617088607594937,0.0454668282800042,0.083246989752663,"Bayesian"
"B","T1 detection","2010-2014",13,233,0.055793991416309,0.0328924935951623,0.0931056418675267,"Bayesian"
"B","T1 detection","2015-2019",23,391,0.0588235294117647,0.0395133868898566,0.0867184995172495,"Bayesian"
"B","T1 detection","2020-2022",18,422,0.042654028436019,0.0271482353557981,0.0664114356580249,"Bayesian"
"B","T1 detection","2023-2025",25,423,0.0591016548463357,0.0403491350756053,0.0857903977159502,"Bayesian"
"B","T2 modelling","2010-2014",14,203,0.0689655172413793,0.0415220726000016,0.112419881049554,"Bayesian"
"B","T2 modelling","2015-2019",43,323,0.13312693498452,0.100357779673033,0.174520326418725,"Bayesian"
"B","T2 modelling","2020-2022",19,274,0.0693430656934307,0.0448386019553966,0.105756557300813,"Bayesian"
"B","T2 modelling","2023-2025",22,266,0.0827067669172932,0.0552504894193619,0.12204463483131,"Bayesian"
"A","T1 detection","2010-2014",18,885,0.0203389830508475,0.0129033824646187,0.0319208021820045,"State-space / filtering"
"A","T1 detection","2015-2019",21,1228,0.0171009771986971,0.0112118907006428,0.0260019848495902,"State-space / filtering"
"A","T1 detection","2020-2022",15,702,0.0213675213675214,0.0129909171456282,0.0349541175477081,"State-space / filtering"
"A","T1 detection","2023-2025",12,728,0.0164835164835165,0.00945388109281068,0.0285893238848785,"State-space / filtering"
"A","T2 modelling","2010-2014",25,755,0.033112582781457,0.0225275572915403,0.0484247995639616,"State-space / filtering"
"A","T2 modelling","2015-2019",28,1017,0.0275319567354966,0.0191160089757985,0.0395038591800447,"State-space / filtering"
"A","T2 modelling","2020-2022",18,629,0.0286168521462639,0.0181767354867743,0.0447799348711794,"State-space / filtering"
"A","T2 modelling","2023-2025",15,632,0.0237341772151899,0.0144349343645915,0.0387883841474404,"State-space / filtering"
"B","T1 detection","2010-2014",5,233,0.0214592274678112,0.00919996735069473,0.0492424684376127,"State-space / filtering"
"B","T1 detection","2015-2019",8,391,0.020460358056266,0.0104031211695892,0.0398489292729174,"State-space / filtering"
"B","T1 detection","2020-2022",3,422,0.00710900473933649,0.00242054509045012,0.0206903956912866,"State-space / filtering"
"B","T1 detection","2023-2025",5,423,0.0118203309692671,0.00505914311256131,0.0273688114260778,"State-space / filtering"
"B","T2 modelling","2010-2014",4,203,0.0197044334975369,0.00768857234302153,0.049561033152198,"State-space / filtering"
"B","T2 modelling","2015-2019",11,323,0.0340557275541796,0.0191204896127257,0.0599441092633048,"State-space / filtering"
"B","T2 modelling","2020-2022",13,274,0.0474452554744526,0.0279336640109324,0.0794714185972875,"State-space / filtering"
"B","T2 modelling","2023-2025",12,266,0.0451127819548872,0.025991652606708,0.0771859152701501,"State-space / filtering"
"A","T1 detection","2010-2014",6,885,0.00677966101694915,0.00311073261071152,0.0147120155594911,"Wavelet / frequency"
"A","T1 detection","2015-2019",17,1228,0.0138436482084691,0.00866099748960198,0.0220585365803629,"Wavelet / frequency"
"A","T1 detection","2020-2022",15,702,0.0213675213675214,0.0129909171456282,0.0349541175477081,"Wavelet / frequency"
"A","T1 detection","2023-2025",16,728,0.021978021978022,0.0135726748865272,0.0354018573073246,"Wavelet / frequency"
"A","T2 modelling","2010-2014",2,755,0.00264900662251656,0.000726738787864989,0.00960690660005259,"Wavelet / frequency"
"A","T2 modelling","2015-2019",5,1017,0.00491642084562439,0.00210174363344347,0.0114572649336055,"Wavelet / frequency"
"A","T2 modelling","2020-2022",5,629,0.00794912559618442,0.00339998289807575,0.0184721569865336,"Wavelet / frequency"
"A","T2 modelling","2023-2025",11,632,0.0174050632911392,0.00974589360607621,0.0308956749858498,"Wavelet / frequency"
"B","T1 detection","2010-2014",9,233,0.0386266094420601,0.0204521814736894,0.0717681041518088,"Wavelet / frequency"
"B","T1 detection","2015-2019",7,391,0.0179028132992327,0.00869848101819798,0.0364882470266686,"Wavelet / frequency"
"B","T1 detection","2020-2022",6,422,0.014218009478673,0.0065320116204304,0.0306686752077235,"Wavelet / frequency"
"B","T1 detection","2023-2025",10,423,0.0236406619385343,0.0128907029185399,0.0429651461833283,"Wavelet / frequency"
"B","T2 modelling","2010-2014",2,203,0.00985221674876847,0.00270594767707621,0.035205188187276,"Wavelet / frequency"
"B","T2 modelling","2015-2019",5,323,0.0154798761609907,0.0066296335989445,0.035719932674137,"Wavelet / frequency"
"B","T2 modelling","2020-2022",2,274,0.0072992700729927,0.00200396879572839,0.0262193066245111,"Wavelet / frequency"
"B","T2 modelling","2023-2025",2,266,0.0075187969924812,0.00206430957585995,0.0269957019271848,"Wavelet / frequency"
"A","T1 detection","2010-2014",23,885,0.0259887005649717,0.0173789712860055,0.0386958118924596,"Nonparametric / kernel"
"A","T1 detection","2015-2019",40,1228,0.0325732899022801,0.0240110916110253,0.044050905970482,"Nonparametric / kernel"
"A","T1 detection","2020-2022",27,702,0.0384615384615385,0.0265655557837404,0.0553814419562624,"Nonparametric / kernel"
"A","T1 detection","2023-2025",18,728,0.0247252747252747,0.0156960545331922,0.0387441412687409,"Nonparametric / kernel"
"A","T2 modelling","2010-2014",18,755,0.023841059602649,0.0151328045103423,0.0373703792898078,"Nonparametric / kernel"
"A","T2 modelling","2015-2019",15,1017,0.0147492625368732,0.00895826359219335,0.0241924230569401,"Nonparametric / kernel"
"A","T2 modelling","2020-2022",17,629,0.027027027027027,0.0169415402011781,0.0428547816588261,"Nonparametric / kernel"
"A","T2 modelling","2023-2025",6,632,0.00949367088607595,0.00435803305586822,0.0205563481359255,"Nonparametric / kernel"
"B","T1 detection","2010-2014",13,233,0.055793991416309,0.0328924935951623,0.0931056418675267,"Nonparametric / kernel"
"B","T1 detection","2015-2019",17,391,0.0434782608695652,0.0273200457238871,0.0685199062973792,"Nonparametric / kernel"
"B","T1 detection","2020-2022",21,422,0.0497630331753555,0.0327752548896642,0.074874162170576,"Nonparametric / kernel"
"B","T1 detection","2023-2025",19,423,0.0449172576832151,0.0289412783689269,0.0690847809467537,"Nonparametric / kernel"
"B","T2 modelling","2010-2014",13,203,0.0640394088669951,0.0378030546183686,0.106469664215754,"Nonparametric / kernel"
"B","T2 modelling","2015-2019",9,323,0.0278637770897833,0.0147269702886799,0.0520992843863675,"Nonparametric / kernel"
"B","T2 modelling","2020-2022",2,274,0.0072992700729927,0.00200396879572839,0.0262193066245111,"Nonparametric / kernel"
"B","T2 modelling","2023-2025",7,266,0.0263157894736842,0.0128044723797331,0.0533143173102183,"Nonparametric / kernel"
"A","T1 detection","2010-2014",4,885,0.00451977401129944,0.0017589850311883,0.0115635237262776,"Machine / deep learning"
"A","T1 detection","2015-2019",8,1228,0.00651465798045603,0.00330467626350236,0.0128025894758589,"Machine / deep learning"
"A","T1 detection","2020-2022",9,702,0.0128205128205128,0.0067592411256265,0.0241848120443765,"Machine / deep learning"
"A","T1 detection","2023-2025",28,728,0.0384615384615385,0.0267422045087415,0.0550263093335982,"Machine / deep learning"
"A","T2 modelling","2010-2014",5,755,0.00662251655629139,0.00283192153825207,0.0154085123019591,"Machine / deep learning"
"A","T2 modelling","2015-2019",4,1017,0.00393313667649951,0.00153052617369845,0.0100693145851421,"Machine / deep learning"
"A","T2 modelling","2020-2022",16,629,0.0254372019077901,0.0157169951749495,0.040918978187105,"Machine / deep learning"
"A","T2 modelling","2023-2025",30,632,0.0474683544303797,0.0334497122019162,0.0669551685105128,"Machine / deep learning"
"B","T1 detection","2010-2014",10,233,0.0429184549356223,0.0234766210429149,0.077188127041881,"Machine / deep learning"
"B","T1 detection","2015-2019",20,391,0.051150895140665,0.0333529851929102,0.077682934021276,"Machine / deep learning"
"B","T1 detection","2020-2022",34,422,0.0805687203791469,0.0582261908805617,0.11047879238082,"Machine / deep learning"
"B","T1 detection","2023-2025",79,423,0.186761229314421,0.152500886945288,0.226659907129142,"Machine / deep learning"
"B","T2 modelling","2010-2014",15,203,0.0738916256157636,0.0452872542451047,0.118323934219885,"Machine / deep learning"
"B","T2 modelling","2015-2019",8,323,0.0247678018575851,0.0126023807559565,0.0481047018185995,"Machine / deep learning"
"B","T2 modelling","2020-2022",14,274,0.0510948905109489,0.0306766223462168,0.0839268063700014,"Machine / deep learning"
"B","T2 modelling","2023-2025",41,266,0.154135338345865,0.115696052879066,0.202422428481851,"Machine / deep learning"
"A","T1 detection","2010-2014",6,885,0.00677966101694915,0.00311073261071152,0.0147120155594911,"ML/DL broad (incl. clustering, concept drift)"
"A","T1 detection","2015-2019",14,1228,0.011400651465798,0.00680308895459571,0.0190456890051679,"ML/DL broad (incl. clustering, concept drift)"
"A","T1 detection","2020-2022",10,702,0.0142450142450142,0.0077556100655223,0.0260219400250363,"ML/DL broad (incl. clustering, concept drift)"
"A","T1 detection","2023-2025",29,728,0.0398351648351648,0.0278767841360073,0.056624561510373,"ML/DL broad (incl. clustering, concept drift)"
"A","T2 modelling","2010-2014",5,755,0.00662251655629139,0.00283192153825207,0.0154085123019591,"ML/DL broad (incl. clustering, concept drift)"
"A","T2 modelling","2015-2019",5,1017,0.00491642084562439,0.00210174363344347,0.0114572649336055,"ML/DL broad (incl. clustering, concept drift)"
"A","T2 modelling","2020-2022",17,629,0.027027027027027,0.0169415402011781,0.0428547816588261,"ML/DL broad (incl. clustering, concept drift)"
"A","T2 modelling","2023-2025",34,632,0.0537974683544304,0.0387503468653672,0.0742362837671677,"ML/DL broad (incl. clustering, concept drift)"
"B","T1 detection","2010-2014",17,233,0.0729613733905579,0.0460490365232178,0.113726948776662,"ML/DL broad (incl. clustering, concept drift)"
"B","T1 detection","2015-2019",36,391,0.0920716112531969,0.067246754967515,0.124834322608911,"ML/DL broad (incl. clustering, concept drift)"
"B","T1 detection","2020-2022",46,422,0.109004739336493,0.0827225171354756,0.142341450311575,"ML/DL broad (incl. clustering, concept drift)"
"B","T1 detection","2023-2025",89,423,0.210401891252955,0.174252650651628,0.25176393254926,"ML/DL broad (incl. clustering, concept drift)"
"B","T2 modelling","2010-2014",16,203,0.0788177339901478,0.0490946546128926,0.124185768667531,"ML/DL broad (incl. clustering, concept drift)"
"B","T2 modelling","2015-2019",8,323,0.0247678018575851,0.0126023807559565,0.0481047018185995,"ML/DL broad (incl. clustering, concept drift)"
"B","T2 modelling","2020-2022",17,274,0.062043795620438,0.0390941041319699,0.097104362908243,"ML/DL broad (incl. clustering, concept drift)"
"B","T2 modelling","2023-2025",41,266,0.154135338345865,0.115696052879066,0.202422428481851,"ML/DL broad (incl. clustering, concept drift)"
