"stratum","CORPUS","PY","x","n","share","lo","hi"
"T1 detection","A",2010,1,144,0.00694444444444444,0.00122688703040198,0.0382856723574834
"T1 detection","A",2011,1,155,0.00645161290322581,0.00113974805034074,0.0356365120729519
"T1 detection","A",2012,1,164,0.00609756097560976,0.00107715366937713,0.03372709033211
"T1 detection","A",2013,1,209,0.00478468899521531,0.000845093256119447,0.0266006692264028
"T1 detection","A",2014,0,213,0,0,0.017716157785222
"T1 detection","A",2015,1,226,0.00442477876106195,0.000781489482082448,0.0246342751140568
"T1 detection","A",2016,0,235,0,0,0.0160843002224068
"T1 detection","A",2017,3,243,0.0123456790123457,0.00420728823652338,0.0356628146958835
"T1 detection","A",2018,1,255,0.00392156862745098,0.00069257107940528,0.0218756714287541
"T1 detection","A",2019,3,269,0.0111524163568773,0.00379987149583302,0.0322708743141901
"T1 detection","A",2020,0,222,0,0,0.0170101522483015
"T1 detection","A",2021,5,256,0.01953125,0.00837060631821864,0.0448987701018773
"T1 detection","A",2022,4,224,0.0178571428571429,0.00696554254087143,0.0450074070872913
"T1 detection","A",2023,7,225,0.0311111111111111,0.0151501681308,0.0628146774217569
"T1 detection","A",2024,9,234,0.0384615384615385,0.0203642164185642,0.0714683309575045
"T1 detection","A",2025,12,269,0.0446096654275093,0.0256997114925905,0.0763433787106629
"T1 detection","B",2010,2,38,0.0526315789473684,0.0145539024485368,0.172857668810688
"T1 detection","B",2011,1,40,0.025,0.00442671740779492,0.128816594880078
"T1 detection","B",2012,3,43,0.0697674418604651,0.0240111537919625,0.186092685530349
"T1 detection","B",2013,3,57,0.0526315789473684,0.018059968096281,0.143697776604713
"T1 detection","B",2014,1,55,0.0181818181818182,0.00321669759225279,0.0960600046048322
"T1 detection","B",2015,3,68,0.0441176470588235,0.0151163456535321,0.121873921823807
"T1 detection","B",2016,6,67,0.0895522388059701,0.0416903828813341,0.181929636993993
"T1 detection","B",2017,4,76,0.0526315789473684,0.020655095015802,0.127658566033075
"T1 detection","B",2018,5,88,0.0568181818181818,0.0245106665328297,0.126200993542779
"T1 detection","B",2019,2,92,0.0217391304347826,0.00598191583767091,0.0758364177460756
"T1 detection","B",2020,12,125,0.096,0.0557706741910422,0.16032102290058
"T1 detection","B",2021,9,133,0.0676691729323308,0.0360059783846149,0.123606303260733
"T1 detection","B",2022,13,164,0.0792682926829268,0.0469072943085473,0.130888913544571
"T1 detection","B",2023,18,126,0.142857142857143,0.0923130510986245,0.21453467721033
"T1 detection","B",2024,18,135,0.133333333333333,0.0860310138437017,0.200926209351652
"T1 detection","B",2025,43,162,0.265432098765432,0.203441327490775,0.338290059567719
"T2 modelling","A",2010,2,105,0.019047619047619,0.00523907226525037,0.0668069101532367
"T2 modelling","A",2011,0,157,0,0,0.0238843682231463
"T2 modelling","A",2012,2,139,0.0143884892086331,0.00395466957979088,0.0509425032326111
"T2 modelling","A",2013,1,166,0.00602409638554217,0.00106416623299149,0.0333302341965852
"T2 modelling","A",2014,0,188,0,1.73472347597681e-18,0.0200248538377495
"T2 modelling","A",2015,0,198,0,0,0.0190327464704996
"T2 modelling","A",2016,2,206,0.00970873786407767,0.00266648062355009,0.0347026587653985
"T2 modelling","A",2017,1,203,0.00492610837438424,0.000870086612429651,0.0273718144364889
"T2 modelling","A",2018,0,209,0,0,0.0180491031828364
"T2 modelling","A",2019,1,201,0.00497512437810945,0.000878749522345691,0.0276388953310435
"T2 modelling","A",2020,3,172,0.0174418604651163,0.00594913457795491,0.0500194189383916
"T2 modelling","A",2021,5,227,0.0220264317180617,0.0094440686653732,0.0505173940865745
"T2 modelling","A",2022,8,230,0.0347826086956522,0.0177281027450036,0.0671224969772015
"T2 modelling","A",2023,10,207,0.0483091787439614,0.0264489579299549,0.0866292960768446
"T2 modelling","A",2024,10,183,0.0546448087431694,0.0299491738883955,0.0976541007570796
"T2 modelling","A",2025,10,242,0.0413223140495868,0.022597567674416,0.0743819508448256
"T2 modelling","B",2010,2,29,0.0689655172413793,0.0191208640979944,0.219649475958519
"T2 modelling","B",2011,4,40,0.1,0.0395788875955749,0.230520743804739
"T2 modelling","B",2012,2,38,0.0526315789473684,0.0145539024485368,0.172857668810688
"T2 modelling","B",2013,3,39,0.0769230769230769,0.0265069140734957,0.203213731280553
"T2 modelling","B",2014,4,57,0.0701754385964912,0.027625972994659,0.167004017012178
"T2 modelling","B",2015,1,46,0.0217391304347826,0.00384775511124263,0.11335554494333
"T2 modelling","B",2016,0,60,0,0,0.0601739304779329
"T2 modelling","B",2017,2,53,0.0377358490566038,0.0104100688338193,0.127545231509591
"T2 modelling","B",2018,2,77,0.025974025974026,0.00715200984813842,0.0898475547324736
"T2 modelling","B",2019,3,87,0.0344827586206897,0.0117956067614169,0.0965424233921691
"T2 modelling","B",2020,6,87,0.0689655172413793,0.0319884035721472,0.142398661384877
"T2 modelling","B",2021,2,99,0.0202020202020202,0.00555760362552311,0.0706916962686831
"T2 modelling","B",2022,6,88,0.0681818181818182,0.0316204973050436,0.14086778687119
"T2 modelling","B",2023,7,80,0.0875,0.0430314546474399,0.169769827770835
"T2 modelling","B",2024,7,83,0.0843373493975904,0.0414528091825479,0.163997113435184
"T2 modelling","B",2025,27,103,0.262135922330097,0.186856667538074,0.354520473949885
