"CORPUS","x","n","share","lo","hi","family","subset"
"A",738,4002,0.184407796101949,0.172696847531107,0.196724050189861,"Classical break tests","without RS terms"
"B",315,1585,0.198738170347003,0.179831047850619,0.219102112006223,"Classical break tests","without RS terms"
"A",21,4002,0.00524737631184408,0.00343471799312808,0.00800896964544455,"Segmentation algorithms","without RS terms"
"B",29,1585,0.0182965299684543,0.0127690192145832,0.0261534259177698,"Segmentation algorithms","without RS terms"
"A",426,4002,0.106446776611694,0.0972660296777532,0.116382358216566,"Markov / regime switching","without RS terms"
"B",122,1585,0.0769716088328076,0.064848027752927,0.0911408386010254,"Markov / regime switching","without RS terms"
"A",94,4002,0.023488255872064,0.0192330151362147,0.0286574456348752,"Threshold / smooth transition","without RS terms"
"B",22,1585,0.0138801261829653,0.00918387814447891,0.0209271159281838,"Threshold / smooth transition","without RS terms"
"A",498,4002,0.124437781109445,0.114569767968029,0.135026122193978,"Volatility models (GARCH/SV)","without RS terms"
"B",162,1585,0.102208201892744,0.0882437831260818,0.118096232140387,"Volatility models (GARCH/SV)","without RS terms"
"A",184,4002,0.0459770114942529,0.039912088944121,0.0529127496615793,"Bayesian","without RS terms"
"B",93,1585,0.0586750788643533,0.0481368521403412,0.0713474312520373,"Bayesian","without RS terms"
"A",80,4002,0.0199900049975013,0.0160915396636622,0.0248091289998216,"State-space / filtering","without RS terms"
"B",27,1585,0.0170347003154574,0.0117333198893947,0.0246715677973326,"State-space / filtering","without RS terms"
"A",59,4002,0.0147426286856572,0.0114468334143327,0.0189691470877421,"Wavelet / frequency","without RS terms"
"B",34,1585,0.0214511041009464,0.0153906882187667,0.0298256505276508,"Wavelet / frequency","without RS terms"
"A",115,4002,0.028735632183908,0.0239943262399028,0.0343808226925962,"Nonparametric / kernel","without RS terms"
"B",77,1585,0.0485804416403786,0.0390443147575486,0.0602995090698235,"Nonparametric / kernel","without RS terms"
"A",62,4002,0.0154922538730635,0.0121042628020578,0.019809530294504,"Machine / deep learning","without RS terms"
"B",159,1585,0.100315457413249,0.086478075324008,0.116085603774022,"Machine / deep learning","without RS terms"
"A",72,4002,0.0179910044977511,0.0143111945871687,0.0225953071576831,"ML/DL broad (incl. clustering, concept drift)","without RS terms"
"B",205,1585,0.129337539432177,0.113708706822985,0.146758793524438,"ML/DL broad (incl. clustering, concept drift)","without RS terms"
"A",738,6576,0.112226277372263,0.104822439600549,0.120082913744128,"Classical break tests","full corpus"
"B",315,2535,0.124260355029586,0.111984376747212,0.137673419942428,"Classical break tests","full corpus"
"A",22,6576,0.00334549878345499,0.00221040742091495,0.00506052749034492,"Segmentation algorithms","full corpus"
"B",30,2535,0.0118343195266272,0.0083020793176155,0.0168438770114442,"Segmentation algorithms","full corpus"
"A",3000,6576,0.456204379562044,0.444194926767366,0.468264971963327,"Markov / regime switching","full corpus"
"B",1070,2535,0.422090729783037,0.402996324576208,0.441420908858126,"Markov / regime switching","full corpus"
"A",189,6576,0.0287408759124088,0.024969585984507,0.0330624493155525,"Threshold / smooth transition","full corpus"
"B",56,2535,0.0220907297830375,0.0170509973860836,0.0285767408706079,"Threshold / smooth transition","full corpus"
"A",963,6576,0.146441605839416,0.138102794679884,0.155193262781439,"Volatility models (GARCH/SV)","full corpus"
"B",390,2535,0.153846153846154,0.14032535884201,0.168414501100414,"Volatility models (GARCH/SV)","full corpus"
"A",372,6576,0.0565693430656934,0.05124018438415,0.0624162902641151,"Bayesian","full corpus"
"B",177,2535,0.0698224852071006,0.0605387399264241,0.0804080603780927,"Bayesian","full corpus"
"A",152,6576,0.0231143552311436,0.0197512488980672,0.027034315058366,"State-space / filtering","full corpus"
"B",61,2535,0.0240631163708087,0.0187788464199788,0.030787696053565,"State-space / filtering","full corpus"
"A",77,6576,0.0117092457420925,0.00937945155406509,0.0146092110301527,"Wavelet / frequency","full corpus"
"B",43,2535,0.0169625246548323,0.0126174639652551,0.0227693833276205,"Wavelet / frequency","full corpus"
"A",164,6576,0.0249391727493917,0.0214383886609805,0.0289946795150072,"Nonparametric / kernel","full corpus"
"B",101,2535,0.0398422090729783,0.032898505080069,0.0481784711282931,"Nonparametric / kernel","full corpus"
"A",104,6576,0.0158150851581509,0.0130699981875447,0.0191255488906707,"Machine / deep learning","full corpus"
"B",221,2535,0.0871794871794872,0.0768130521887426,0.0987952252240743,"Machine / deep learning","full corpus"
"A",120,6576,0.0182481751824818,0.0152830945007068,0.0217757915369145,"ML/DL broad (incl. clustering, concept drift)","full corpus"
"B",270,2535,0.106508875739645,0.0950896541575702,0.119118904580399,"ML/DL broad (incl. clustering, concept drift)","full corpus"
