"CORPUS","stratum","tagged","validated","period","share_of_tagged"
"A","T1 detection",49,9,"all",0.184
"A","T2 modelling",55,11,"all",0.2
"B","T1 detection",143,35,"all",0.245
"B","T2 modelling",78,16,"all",0.205
"A","T1 detection",4,0,"2010-2014",0
"A","T1 detection",8,1,"2015-2019",0.125
"A","T1 detection",9,4,"2020-2022",0.444
"A","T1 detection",28,4,"2023-2025",0.143
"A","T2 modelling",5,1,"2010-2014",0.2
"A","T2 modelling",4,1,"2015-2019",0.25
"A","T2 modelling",16,4,"2020-2022",0.25
"A","T2 modelling",30,5,"2023-2025",0.167
"B","T1 detection",10,4,"2010-2014",0.4
"B","T1 detection",20,3,"2015-2019",0.15
"B","T1 detection",34,11,"2020-2022",0.324
"B","T1 detection",79,17,"2023-2025",0.215
"B","T2 modelling",15,3,"2010-2014",0.2
"B","T2 modelling",8,2,"2015-2019",0.25
"B","T2 modelling",14,3,"2020-2022",0.214
"B","T2 modelling",41,8,"2023-2025",0.195
