"ID","TI","SO","PY","rule_retained","tier","c1","c2"
"S003","CROSS-SECTIONAL CHARACTERISTIC-DRIVEN DEEP REINFORCEMENT LEARNING","2025 IEEE INTERNATIONAL CONFERENCE ON BIG DATA, BIGDATA","2025",0,"excluded",0,1
"S008","ASSESSING STRUCTURAL CHANGES IN THE MALAYSIAN ECONOMY: I-O APPROACH","ECONOMIC MODELLING","2013",0,"excluded",1,0
"S012","INNOVATION-LED FDI SUSTAINABILITY: CLARIFYING THE NEXUS BETWEEN FINANCIAL INNOVATION, TECHNOLOGICAL INNOVATION, ENVIRONMENTAL INNOVATION, AND FDI IN THE BRIC NATIONS","SUSTAINABILITY","2022",0,"excluded",0,1
"S017","TIME-VARYING WINDOW LENGTH FOR CORRELATION FORECASTS","ECONOMETRICS","2017",1,"T1a_core_detection",0,1
"S020","MOMENT SET SELECTION FOR THE SMM USING SIMPLE MACHINE LEARNING","JOURNAL OF ECONOMIC BEHAVIOR & ORGANIZATION","2023",1,"T2_regime_switching_modelling",0,1
"S023","DO STOCKS STALK OTHER STOCKS IN THEIR COMPLEX NETWORK? A COMPLEX NETWORKS APPROACH TO STOCK MARKET DYNAMICS","JOURNAL OF FINANCIAL DATA SCIENCE","2019",1,"T2_regime_switching_modelling",0,1
"S025","FAST CONCEPT DRIFT DETECTION USING SINGULAR VECTOR DECOMPOSITION","2017 12TH INTERNATIONAL CONFERENCE ON INTELLIGENT SYSTEMS AND KNOWLEDGE ENGINEERING (IEEE ISKE)","2017",0,"excluded",0,1
"S032","ADAPTING A CLASSIFICATION RULE TO LOCAL AND GLOBAL SHIFT WHEN ONLY UNLABELLED DATA ARE AVAILABLE","EUROPEAN JOURNAL OF OPERATIONAL RESEARCH","2015",0,"excluded",0,1
"S033","THE UNEASY CASE FOR REAL ESTATE INVESTMENTS","SIGNS THAT MARKETS ARE COMING BACK","2014",1,"T2_regime_switching_modelling",0,1
"S035","FORWARD-BACKWARD-LOOKING MONETARY POLICY RULES: DERIVATION AND EMPIRICS","ROMANIAN JOURNAL OF ECONOMIC FORECASTING","2021",1,"T1a_core_detection",0,1
"S045","THE PERFORMANCE OF SHORT-TERM FORECASTS OF THE GERMAN ECONOMY BEFORE AND DURING THE 2008/2009 RECESSION","INTERNATIONAL JOURNAL OF FORECASTING","2012",1,"T1b_contextual_detection",0,1
"S065","MODELING GARCH PROCESSES IN BASE METALS RETURNS USING PANEL DATA","RESOURCES POLICY","2021",1,"T1a_core_detection",0,1
"S071","DSGE MODEL WITH GOVERNMENT SECTOR AND INFLATION TARGETING: STRUCTURAL CHANGES OF CZECH ECONOMY IN A PERIOD OF RECESSION","MATHEMATICAL METHODS IN ECONOMICS (MME 2014)","2014",0,"excluded",1,0
"S076","ON MONETARY POLICY AND STOCK MARKET ANOMALIES","JOURNAL OF BUSINESS FINANCE & ACCOUNTING","2013",1,"T1a_core_detection",0,1
"S089","WILL MACHINE LEARNING IMPROVE FORECASTS OF ECONOMIC GROWTH IN CHINA DURING COVID PANDEMIC? GRADIENT BOOSTING AND RANDOM FOREST APPROACHES","PROCEEDINGS OF INTERNATIONAL CONFERENCE ON DIGITAL ECONOMY, BLOCKCHAIN AND ARTIFICIAL INTELLIGENCE, DEBAI 2024","2024",0,"excluded",0,1
"S107","THE CANADIAN HEDGE FUND INDUSTRY: PERFORMANCE AND MARKET TIMING","INTERNATIONAL REVIEW OF FINANCE","2015",1,"T1a_core_detection",0,1
"S122","FORECASTING THE REAL PRICE OF OIL IN A CHANGING WORLD: A FORECAST COMBINATION APPROACH","JOURNAL OF BUSINESS & ECONOMIC STATISTICS","2015",0,"excluded",0,1
"S123","CAPACITY INVESTMENT AND GREEN R&D IN A DYNAMIC OLIGOPOLY UNDER THE POTENTIAL SHIFT IN ENVIRONMENTAL DAMAGE","ECONOMIC MODELLING","2020",0,"excluded",0,1
"S127","WHERE ARE REAL INTEREST RATES HEADING? INFLATION AND GROWTH PARADOXES IN OUR CENTRAL EUROPEAN REGION; [MERRE TARTANAK A REÁLKAMATLÁBAK? INFLÁCIÓS ÉS NÖVEKEDÉSI PARADOXONOK KÖZÉP-EURÓPAI TÉRSÉGÜNKBEN]","PUBLIC FINANCE QUARTERLY","2024",0,"excluded",0,1
"S131","PROFIT AND EQUITY TRADE-OFFS IN THE MANAGEMENT OF SMALL PELAGIC FISHERIES: THE CASE OF THE JAPANESE SARDINE FISHERY*","AUSTRALIAN JOURNAL OF AGRICULTURAL AND RESOURCE ECONOMICS","2019",0,"excluded",0,1
"S140","ONLINE FRAUD DETECTION USING MACHINE LEARNING","2023 INTERNATIONAL CONFERENCE ON ARTIFICIAL INTELLIGENCE AND SMART COMMUNICATION, AISC 2023","2023",0,"excluded",0,1
"S146","INCORPORATING ECONOMICS INTO FISHERY POLICIES: DEVELOPING INTEGRATED ECOLOGICAL-ECONOMICS HARVEST CONTROL RULES","ECOLOGICAL ECONOMICS","2022",0,"excluded",0,1
