"sub","SO","n"
"B1","PHYSICA A-STATISTICAL MECHANICS AND ITS APPLICATIONS",67
"B1","MATHEMATICS",56
"B1","ANNALS OF OPERATIONS RESEARCH",30
"B1","COMMUNICATIONS IN STATISTICS-THEORY AND METHODS",28
"B1","APPLIED STOCHASTIC MODELS IN BUSINESS AND INDUSTRY",26
"B1","EXPERT SYSTEMS WITH APPLICATIONS",26
"B1","COMPUTATIONAL STATISTICS & DATA ANALYSIS",25
"B1","ENTROPY",20
"B1","COMMUNICATIONS IN STATISTICS-SIMULATION AND COMPUTATION",19
"B1","JOURNAL OF COMPUTATIONAL AND APPLIED MATHEMATICS",19
"B2","RESOURCES POLICY",83
"B2","ENVIRONMENTAL SCIENCE AND POLLUTION RESEARCH",65
"B2","SUSTAINABILITY",51
"B2","ENERGY",50
"B2","PLOS ONE",25
"B2","RENEWABLE & SUSTAINABLE ENERGY REVIEWS",24
"B2","ENERGIES",22
"B2","JOURNAL OF CLEANER PRODUCTION",20
"B2","APPLIED ENERGY",14
"B2","INTERNATIONAL JOURNAL OF HOUSING MARKETS AND ANALYSIS",14
