"sub","x","n","share","lo","hi","family"
"A",738,3543,20.8,19.5,22.2,"Classical break tests"
"B1",116,608,19.1,16.2,22.4,"Classical break tests"
"B2",149,637,23.4,20.3,26.8,"Classical break tests"
"A",21,3543,0.6,0.4,0.9,"Segmentation algorithms"
"B1",20,608,3.3,2.1,5,"Segmentation algorithms"
"B2",2,637,0.3,0.1,1.1,"Segmentation algorithms"
"A",170,3543,4.8,4.1,5.6,"Markov / regime switching"
"B1",34,608,5.6,4,7.7,"Markov / regime switching"
"B2",22,637,3.5,2.3,5.2,"Markov / regime switching"
"A",68,3543,1.9,1.5,2.4,"Threshold / smooth transition"
"B1",8,608,1.3,0.7,2.6,"Threshold / smooth transition"
"B2",10,637,1.6,0.9,2.9,"Threshold / smooth transition"
"A",444,3543,12.5,11.5,13.7,"Volatility models (GARCH/SV)"
"B1",80,608,13.2,10.7,16.1,"Volatility models (GARCH/SV)"
"B2",39,637,6.1,4.5,8.3,"Volatility models (GARCH/SV)"
"A",147,3543,4.1,3.5,4.9,"Bayesian"
"B1",62,608,10.2,8,12.9,"Bayesian"
"B2",11,637,1.7,1,3.1,"Bayesian"
"A",66,3543,1.9,1.5,2.4,"State-space / filtering"
"B1",11,608,1.8,1,3.2,"State-space / filtering"
"B2",6,637,0.9,0.4,2,"State-space / filtering"
"A",54,3543,1.5,1.2,2,"Wavelet / frequency"
"B1",18,608,3,1.9,4.6,"Wavelet / frequency"
"B2",12,637,1.9,1.1,3.3,"Wavelet / frequency"
"A",108,3543,3,2.5,3.7,"Nonparametric / kernel"
"B1",55,608,9,7,11.6,"Nonparametric / kernel"
"B2",9,637,1.4,0.7,2.7,"Nonparametric / kernel"
"A",49,3543,1.4,1,1.8,"Machine / deep learning"
"B1",91,608,15,12.4,18,"Machine / deep learning"
"B2",13,637,2,1.2,3.5,"Machine / deep learning"
