"sub","period","n","mention","validated","mention_pct","validated_pct"
"A","2010-2014",885,4,0,0.45,0
"A","2015-2019",1228,8,1,0.65,0.08
"A","2020-2022",702,9,4,1.28,0.57
"A","2023-2025",728,28,4,3.85,0.55
"B1","2010-2014",129,5,1,3.88,0.78
"B1","2015-2019",177,16,2,9.04,1.13
"B1","2020-2022",142,24,7,16.9,4.93
"B1","2023-2025",160,46,13,28.75,8.12
"B2","2010-2014",54,2,1,3.7,1.85
"B2","2015-2019",176,1,0,0.57,0
"B2","2020-2022",228,3,3,1.32,1.32
"B2","2023-2025",179,7,0,3.91,0
"A","all",3543,49,9,1.38,0.25
"B1","all",608,91,23,14.97,3.78
"B2","all",637,13,4,2.04,0.63
