"SO","CORPUS","SOURCE_DB","n"
"COMMUNICATIONS FOR STATISTICAL APPLICATIONS AND METHODS","A","Scopus",1
"COMMUNICATIONS FOR STATISTICAL APPLICATIONS AND METHODS","B","Both",5
"COMMUNICATIONS FOR STATISTICAL APPLICATIONS AND METHODS","B","WoS",2
"INTERNATIONAL JOURNAL OF HOUSING MARKETS AND ANALYSIS","A","Scopus",1
"INTERNATIONAL JOURNAL OF HOUSING MARKETS AND ANALYSIS","B","Both",14
"MATHEMATICAL AND STATISTICAL METHODS FOR ACTUARIAL SCIENCES AND FINANCE","A","Scopus",1
"MATHEMATICAL AND STATISTICAL METHODS FOR ACTUARIAL SCIENCES AND FINANCE","B","Scopus",1
"RESOURCES POLICY","A","Scopus",6
"RESOURCES POLICY","B","Both",83
