variant,canonical_form
autoregressive distributed lag,ardl
autoregressive distributed lag model,ardl
asymmetries,asymmetry
bai and perron,bai perron
bai-perron,bai perron
bai-perron test,bai perron
bai–perron,bai perron
breakpoints,breakpoint
business cycles,business cycle
change point detection,change point
change points,change point
change-point,change point
change-point detection,change point
change-points,change point
changepoint,change point
changepoint detection,change point
changepoints,change point
chow test,chow test
co-integration,cointegration
commodities,commodity
commodity markets,commodity market
coronavirus,covid-19
covid-19 pandemic,covid-19
covid19,covid-19
crude oil prices,crude oil price
cryptocurrencies,cryptocurrency
cusum test,cusum
deep neural network,deep learning
deep neural networks,deep learning
exchange rates,exchange rate
global financial crisis,financial crisis
financial markets,financial market
garch model,garch
garch models,garch
hidden markov models,hidden markov model
icss algorithm,icss
interest rates,interest rate
long short term memory,lstm
long short-term memory,lstm
lstm network,lstm
lstm networks,lstm
efficient market hypothesis,market efficiency
markov regime switching,markov switching
markov regime-switching,markov switching
markov regime-switching model,markov switching
markov switching model,markov switching
markov switching models,markov switching
markov-switching,markov switching
markov-switching model,markov switching
markov-switching models,markov switching
markov switching garch,ms-garch
markov-switching garch,ms-garch
non-linear ardl,nardl
nonlinear ardl,nardl
artificial neural network,neural network
artificial neural networks,neural network
neural networks,neural network
non-linear,nonlinear
non-linearity,nonlinearity
nonlinearities,nonlinearity
oil prices,oil price
economic policy uncertainty,policy uncertainty
purchasing power parity,ppp
random forests,random forest
real exchange rates,real exchange rate
regime shifts,regime shift
regime switch,regime switching
regime switching model,regime switching
regime switching models,regime switching
regime-switching,regime switching
regime-switching model,regime switching
regime-switching models,regime switching
spillovers,spillover
spillover effects,spillover effect
stock markets,stock market
stock prices,stock price
stock returns,stock return
multiple structural breaks,structural break
structural breaks,structural break
structural change,structural break
structural changes,structural break
structural shifts,structural shift
support vector machine,svm
support vector machines,svm
support vector regression,svm
trend breaks,trend break
unit root test,unit root
unit root tests,unit root
unit roots,unit root
unit-root,unit root
vector error correction model,vecm
volatility spillovers,volatility spillover
zivot-andrews,zivot andrews
zivot-andrews test,zivot andrews
